-0.0,0.0
-0.0,0.0
-0.0,0.0
-0.0,0.0
-0.0,0.0
-0.0,0.0
-0.0,0.0
-0.0,0.0
-0.0,0.0
-0.0,0.0
-0.0,0.0
-0.0,0.0
-0.0,0.0
-0.0,0.0
-0.0,0.0
-0.0,0.0
-0.0,0.0
-0.0,0.0
-0.0,0.0
-0.0,0.0
-0.0,0.0
-0.0,0.0
-0.0,0.0
-0.0,0.0
-0.0,0.0
-0.0,0.0
-0.0,0.0
-0.0,0.0
-0.0,0.0
-0.0,0.0
-0.0,0.0
-0.0,0.0
-0.0,0.0
-0.0,0.0
-0.0,0.0
-0.0,0.0
-0.0,0.0
-0.0,0.0
-0.0,0.0
-0.0,0.0
-0.0,0.0
-0.0,0.0
-0.0,0.0
-0.0,0.0
-0.0,0.0
-0.0,0.0
-0.0,0.0
-0.0,0.0
-0.0,0.0
-0.0,0.0
-0.0,0.0
-0.0,0.0
-0.0,0.0
-0.0,0.0
-0.0,0.0
-0.0,0.0
-0.0,0.0
-0.0,0.0
-0.0,0.0
-0.0,0.0
-0.0,0.0
-0.0,0.0
-0.0,0.0
-0.0,0.0
-0.0,0.0
-0.0,0.0
-0.0,0.0
-0.0,0.0
-8316.408147687876,23712.94997508894
-0.0,0.0
-0.0,0.0
-0.0,0.0
-0.0,0.0
-0.0,0.0
-0.0,0.0
-0.0,0.0
-0.0,0.0
-0.0,0.0
-0.0,0.0
-0.0,0.0
-0.0,0.0
-0.0,0.0
-0.0,0.0
-0.0,0.0
-0.0,0.0
-0.0,0.0
-0.0,0.0
-0.0,0.0
-0.0,0.0
-0.0,0.0
-0.0,0.0
-0.0,0.0
-0.0,0.0
-0.0,0.0
-0.0,0.0
-0.0,0.0
-0.0,0.0
-0.0,0.0
-0.0,0.0
-0.0,0.0
-0.0,0.0
-0.0,0.0
-0.0,0.0
-0.0,0.0
-0.0,0.0
-0.0,0.0
-0.0,0.0
-449.9341973609782,1969.2534671913447
-452.7521084398967,2010.6557458459238
-447.84342092154816,2015.8524922070278
-443.12268066835225,2022.0144138648698
-437.3139190914789,2023.278660038911
-431.2930958803101,2023.548187082773
-425.4799783103042,2024.7784540677685
-419.6633515627283,2025.992021542814
-414.0432845210398,2028.1686711274851
-408.41417498581944,2030.3297421036445
-402.58167611410846,2031.4942761566313
-396.745856920269,2032.642055310428
-390.9067655356513,2033.773070098642
-384.70122707891636,2035.9737144383707
-378.7666904759778,2036.0689561470836
-373.01479927879836,2037.1305700712946
-367.4372673400881,2039.1600855670083
-361.67669118537617,2040.1896899683613
-355.741457343913,2040.2178843267766
-349.63996067751344,2039.2432169551103
-344.0454262379486,2041.2086480036157
-338.27915770965535,2042.1721796800696
-332.1889250331502,2041.1453936663404
-326.26503771693814,2041.087975851008
-320.34412566991466,2041.0133858328263
-313.6266209603774,2040.0329268482349
-307.4360720636019,2038.952442209995
-301.5468612345218,2039.8317309228248
-295.511753114442,2039.7043422445395
-289.198848060055,2037.5789619744157
-283.0383503659829,2036.4246345549109
-277.15654086991253,2037.2334799558505
-271.27242017680874,2038.025336950308
-265.25695854217184,2037.8085645970175
-259.24501207034126,2037.5740535540415
-253.23663302357815,2037.3218223184283
-247.35235695580758,2038.0446048868525
-240.83107682295199,2037.8185376613635
-234.8632507056934,2037.5083443922272
-229.01085160894354,2038.1744355784042
-223.04775994292729,2037.8296535246616
-216.98258975687193,2036.473067767507
-211.0301451603952,2036.0931407559876
-205.0816731854609,2035.6958287827413
-199.0398469535734,2034.28590402743
-193.10233096277946,2033.8536057879735
-187.16894034397524,2033.4039903006274
-181.32852504233634,2033.9331272207478
-175.4006756237033,2033.4491886916546
-170.3479993398964,2032.8751951659242
-164.47690950015925,2033.3586368964222
-158.52670081574004,2032.828149433315
-152.5809281470961,2032.280261274456
-146.71163039082248,2032.7123991130832
-140.77200170039825,2032.1299770283551
-134.83696075532427,2031.5302099684038
-128.84321343017695,2029.915127869386
-122.85991937943061,2028.2823867031138
-116.88713056236993,2026.6320333767783
-111.03429214582002,2026.961120980784
-105.12871475096642,2026.2746490381826
-98.71380143711164,2025.596106188456
-92.89617402447995,2025.8712448849294
-87.07778044379069,2026.129675058579
-81.25866868266951,2026.3713945779832
-75.4016880725728,2025.597093559281
-69.58415395854686,2025.8052832189655
-63.76604594406643,2025.9967648998502
-57.947412014410915,2026.1715370226757
-52.102583188216876,2025.3299288819871
-46.263066454473346,2024.4714689721436
-40.42891037555253,2023.596180863624
-34.600163422249544,2022.704088266782
-29.304623978401345,2022.7877394856546
-1112.9113482454823,1688.1683360809793
-1845.687982172815,823.3327835467514
-1997.6887021414946,-299.3991471868795
-1522.4719205187605,-1327.5839902740304
-568.5461999013675,-1938.3382621662595
563.8675096285618,-1938.6630526177785
1517.9514000167326,-1329.7170929138429
1993.0497816724683,-303.3291409926307
1842.0662517687351,816.7110407571838
1112.8727535668131,1679.8033320506956
33.726560637260754,2012.717446416059
36.13160533048618,2009.6752242828297
41.88210694821701,2008.563389370019
47.602802289643165,2006.4353897432563
53.364799505219345,2006.2904072376382
59.096896522610294,2005.129311745603
64.79043435891755,2002.9523707805893
70.50715719001421,2001.7586619732615
76.25562906418807,2001.5479207443486
82.04441233994417,2002.319833194436
87.79444823987619,2002.0759563159074
93.4970815256292,2000.8166572043
99.24275329220205,2000.539896107794
104.0787059186907,1999.2927807037895
109.79680387934626,1997.985400811998
115.56597361454867,1997.6600075444574
121.33417964983424,1997.3179558719992
127.1013738843693,1996.9592486469787
132.86750822575752,1996.5838888606404
138.56325296395894,1995.1942825018434
144.25208066131836,1993.7884384319416
150.00898707297208,1993.3635653832296
155.7646425658316,1992.9220697574551
161.51899914372166,1992.4639552362323
167.27200882129864,1991.9892256397593
173.52919179097714,1991.4538959253791
179.18955016169554,1989.948518206652
185.02778244930605,1990.4184785421112
190.87022244950742,1990.8713062832755
196.61851061943747,1990.3118251374065
202.16279403647127,1987.7460111159492
207.7979550767433,1986.1593616489902
213.53256587798353,1985.5510175539596
219.48499082813206,1986.9140240083805
225.5597337550756,1989.252826190864
231.30320356631188,1988.5931781085746
237.28155248622792,1989.9028782455
243.30600970103532,1990.1827015737424
249.04997792300674,1990.4798689000977
255.051473307097,1992.7442751050319
260.8082320337342,1993.007542911827
266.70106640157377,1994.245356314078
272.6029707805037,1995.4657652592398
278.3757420873712,1995.6783173190277
284.0109389396076,1994.8841536697419
289.7876142520203,1995.0636928745212
295.5675679434316,1995.2265066352754
301.20142020171426,1994.3837906652948
306.98499333125187,1994.5135281239411
313.4046448222934,1994.5271441130633
319.321058864975,1994.6012286583377
325.2405129291491,1994.6577673249074
330.99917509390644,1993.7102462712965
336.9217050152219,1993.732119591204
342.84712006374605,1993.7364049101363
348.7753680249402,1993.7230857516465
354.53123296052934,1992.707606462997
360.28414147469937,1991.6755100673
366.03404559418186,1990.6268051711643
371.96458358487814,1990.5444854507846
378.0842209897051,1991.426956189608
384.33859722500233,1990.2293442422954
390.24509293164795,1990.0986828403181
396.34925236787547,1990.931257012011
402.26334750786754,1990.7649784069852
407.97887901404266,1989.6015265068645
413.8947340376246,1989.4007009991537
419.60629957017585,1988.2038510577893
425.52371263862494,1987.9684529645435
431.44323265590265,1987.7154567481293
437.1498860433648,1986.4682169952464
443.0706591444609,1986.1806038236537
448.772856706308,1984.8999781056123
453.8444476195746,1984.7723338874118
459.7997511655561,1984.427672863915
465.9853830836086,1985.0386955302465
471.9470277870667,1984.6576538443485
477.67620070864535,1983.2865267723053
483.4013903079667,1981.8988611552118
489.60208075353944,1982.4363300045236
495.56733394115014,1981.9843635938355
501.04331974505584,1979.5756089977604
507.00586314854644,1979.089198276065
512.718809738221,1977.6168542315324
517.6662069530036,1973.2262156627887
0.0,0.0
1757.9089426009766,6533.644629877226
0.0,0.0
0.0,0.0
0.0,0.0
0.0,0.0
1773.4913708092486,6203.469380730845
0.0,0.0
0.0,0.0
1729.9551077548867,5843.2945608751215
0.0,0.0
1713.6943285706818,5658.179543654009
1767.2545917174034,5784.0396962723
1744.3349190352315,5650.901847513754
0.0,0.0
1765.9475623486994,5606.452818586337
0.0,0.0
1755.9050124874673,5464.832805047323
1676.2223113795988,5165.853246350814
1696.6556473629503,5178.123271444145
1716.8591394759867,5189.369007422557
1733.3392956578984,5189.159458537401
1747.5955750274943,5182.265016973208
1762.4710872156647,5177.224803572743
1778.7270944311083,5171.662297901582
1788.734492187486,5152.333929051841
1798.6451337659735,5132.991007471179
2209.227407688123,6246.854429320377
0.0,0.0
0.0,0.0
2230.1288892505013,6136.315355107683
2223.7395870613236,6064.129224293983
2199.949412160751,5946.076234285394
2212.564731679326,5927.519405968132
2226.853290274995,5913.618640358154
0.0,0.0
2221.5369243213877,5805.465501910821
0.0,0.0
2028.2925476707007,5210.116154277513
0.0,0.0
2254.207293077386,5692.949892616018
2186.0866211545876,5474.67353225824
0.0,0.0
0.0,0.0
0.0,0.0
0.0,0.0
2206.887486601236,5303.1296063252
2013.281420572901,4798.7825457688705
2028.6796309057263,4795.550850022154
2043.6961852081265,4792.43214897882
2065.425254260134,4804.884860125627
2079.2918169549253,4798.900451139228
2107.949112891282,4826.78356024598
2140.813290538572,4863.69349929181
2161.3374292688413,4872.116636210751
2195.396704855625,4910.587979897017
2225.999035647443,4940.697247686469
2247.2850507111466,4949.727861291992
2263.2332636540314,4946.855081189455
2277.0903124660713,4939.390722434617
2285.852432642236,4917.703494130525
2530.4263075763984,5403.890422827361
2541.8385520180836,5388.582445826974
2554.9012586852477,5376.866053601162
2546.3316776637494,5320.018701783492
2601.299804351877,5395.677837665893
0.0,0.0
2593.072509442351,5301.8467500272345
2649.573620329765,5378.826603493798
2660.310018333946,5362.363900963085
2661.1416910283483,5326.203234976186
0.0,0.0
2711.865210122863,5347.691378728327
0.0,0.0
0.0,0.0
0.0,0.0
0.0,0.0
0.0,0.0
4404.596232712385,8326.820042896079
0.0,0.0
0.0,0.0
0.0,0.0
0.0,0.0
0.0,0.0
0.0,0.0
0.0,0.0
0.0,0.0
0.0,0.0
0.0,0.0
0.0,0.0
0.0,0.0
0.0,0.0
0.0,0.0
0.0,0.0
0.0,0.0
0.0,0.0
4107.803608684341,6879.979543027719
0.0,0.0
0.0,0.0
0.0,0.0
4129.51998674725,6738.284179155327
0.0,0.0
4183.663337254135,6738.960237344897
0.0,0.0
0.0,0.0
0.0,0.0
4199.443387186411,6593.1907478713465
0.0,0.0
0.0,0.0
4195.969484867844,6459.879958796284
0.0,0.0
4202.433054444465,6388.753041315071
0.0,0.0
0.0,0.0
0.0,0.0
0.0,0.0
0.0,0.0
4223.9511429446975,6185.332387351239
4247.458332964433,6181.350799763025
0.0,0.0
0.0,0.0
0.0,0.0
0.0,0.0
0.0,0.0
0.0,0.0
0.0,0.0
0.0,0.0
0.0,0.0
0.0,0.0
0.0,0.0
0.0,0.0
0.0,0.0
0.0,0.0
0.0,0.0
0.0,0.0
4753.891762068532,6241.8129669621585
0.0,0.0
4763.414620550238,6180.347089988411
0.0,0.0
0.0,0.0
0.0,0.0
0.0,0.0
0.0,0.0
0.0,0.0
0.0,0.0
0.0,0.0
0.0,0.0
0.0,0.0
5410.0434606946565,6574.163502179953
5355.674795840572,6469.926466444426
5412.088623614246,6499.773898386408
5353.784257238003,6392.123131397777
5373.509224287465,6378.165772108587
5412.593558036024,6387.034912657588
5342.790173875431,6267.877564051499
5366.725949237797,6259.255353936094
5374.823801778057,6237.790081418264
5384.201547226613,6212.504704130416
5373.108353957124,6163.849091001187
5365.076653450183,6119.068270791215
5353.525177101119,6070.634577879353
5360.319965678249,6043.26516591413
5348.361747474343,5995.01314578652
5357.542232368106,5970.697214596648
5368.637203408632,5948.60517921443
5358.813796587633,5903.545010711957
5305.624473807919,5811.326005562797
5314.1755430747435,5787.226217920486
5326.222343009667,5763.8927430014355
5329.228846507367,5733.838496291447
5321.179854703379,5692.1269270720695
5323.209749535547,5661.437888244443
5303.80646698778,5608.261580983773
5286.208372927574,5557.418558826609
5301.543319921213,5541.407711673881
5312.669610610239,5521.031208795913
5304.945131810584,5481.235367002514
5308.195777807949,5452.995285571213
5307.829690585891,5421.2095491444425
5305.219458211763,5387.333988181101
5290.231559837801,5345.922842998776
5291.767642724645,5319.041663252174
5300.977011550036,5299.967803960516
5298.7774292432205,5269.600246256124
5299.297466895331,5242.095225895531
5295.431783358679,5210.4167998150315
5298.581721303132,5185.790946680394
5280.142044411767,5140.258844730985
5258.623940213303,5092.079560986405
5236.166508101018,5043.358037998213
5224.318297238597,5005.1696603749615
5223.886779288799,4978.118411324876
0.0,0.0
0.0,0.0
278.15051872136416,260.3714441620587
285.4894577289032,265.6986441923571
289.92547406706075,268.26893127417884
292.17084490083283,268.7846673267162
292.94580225002164,267.93983829227636
292.97847210963414,266.41999714793246
293.00481324267554,264.90220727020153
292.28111992233374,262.71799888273046
290.8016223994414,259.87384710634643
290.05572089897987,257.70463475415625
289.1861716497711,255.670409172726
288.4210779897415,253.51386899188662
287.6459533885759,251.36389060319948
287.61572631466464,249.87635737797987
286.06573770532054,247.08377872922125
286.0193822624071,245.6051973599725
285.96687917091526,244.12894956814756
285.90824153739874,242.6550585110322
285.84348255083705,241.1835472896303
286.5387619046243,240.3571050045432
286.4636527543749,238.88820743314415
285.61261059452136,236.7835227995865
284.7704320557935,234.6631650403546
284.6733180296815,233.20613628713076
284.5701701536648,231.7516305416518
283.6837863516213,229.67043641097493
283.5667983742521,228.2232916679984
283.44382461558087,226.77874302344085
281.74960353355846,224.09185819364927
280.8266797675976,222.03687966350805
281.466689774652,221.22500434467125
281.31635165748287,219.79561026126854
281.1601118635062,218.36893436773622
278.6233539947041,215.11166079211472
278.5043115691856,213.62665666384896
279.1065372653577,212.8392371151088
278.90965196519335,211.44598847141722
278.7071295152274,210.05555445496384
278.49898425705766,208.66795577612567
278.2852306042498,207.28321308668365
278.0658830421204,205.90134697958106
278.6462922322369,205.115196475607
278.41747165282317,203.736868235598
278.1830946113205,202.36147329091352
277.9431758645888,200.98903201494915
278.50971190756405,200.20324765888702
278.32348218441643,198.7461679246692
278.07762789851256,197.3672537741162
277.82615574604216,195.99139568709626
277.569081266134,194.6186145389857
277.30642007142967,193.24893114107454
277.0381878478436,191.8823662403164
276.76440035432194,190.51894051907962
276.4850734226011,189.15867459489897
275.3732761816449,187.23930881358095
275.0813067810475,185.88780126633176
274.78385270536637,184.53951959511414
274.4809300882989,183.19448413601967
274.22159678497974,181.7787552402535
273.89883549977213,180.4533954013301
273.57078187558244,179.13131301919964
273.2374518630483,177.81252739722353
273.73855028412754,177.04012564484975
273.39624602764826,175.72561753480804
273.0487069244724,174.41445939736064
273.54020908332524,173.6426042613123
273.183759212861,172.33581665553325
272.82211655930956,171.03243176689767
273.3040679089863,170.2612300683869
272.9335788948846,168.96230796136103
272.61113210720833,167.58034088527867
273.0912745249948,166.79674990332978
271.859357323546,164.97420960752783
270.6192384177502,163.1601293153351
270.2288255510848,161.86840902807862
269.83323244260674,160.5802810732817
267.7108632493379,158.27790022076456
265.5775166117493,155.98904663576877
266.0243995066903,155.2257029847339
265.60392896798885,153.95958208818163
265.1783873868544,152.69716062490278
265.6158181051167,151.9349767905651
265.22224324104326,150.60598158834495
264.77082315146424,149.3733952472663
264.31459405826837,148.14450839573095
262.9798857854943,146.43285038627226
262.5127350783457,145.21385581853502
262.0408338237723,143.99861599662046
261.56419935978266,142.78714792752135
261.08284908227137,141.57946855064802
260.5968004447764,140.3755947376373
260.10607095823633,139.17554329216372
260.49370770840227,138.44864840195973
261.7636497308039,138.18752360328708
262.10052378316243,137.54750245857574
263.3812651637366,137.25636291534713
263.77435954534917,136.49940383181487
264.1652784284359,135.74131895936083
263.6632643175215,134.52762931616982
264.04852100626124,133.76987162439084
263.5382499355269,132.5616491332232
263.91786112780846,131.80425857203102
263.3993793816242,130.6015579592189
261.97898543440874,128.9612778734681
264.1451692220232,129.08651973257594
263.61508764353164,127.89091276041907
264.91664426869494,127.49577086873806
267.9906887732026,128.0233991536878
266.55213433623146,126.39208709725312
263.29680812313,123.91848462667575
260.0294487023591,121.46475129660945
258.56463237012116,119.87214391719246
258.0012566562747,118.70699879865163
257.43331544616325,117.54611052006865
255.94997463474044,115.97676700303262
254.45973208295163,114.4169775351214
242.91718319463723,108.38469499326489
247.80113188920626,109.70687778999181
252.64536513513454,111.11399315898313
252.04863762059355,109.98401826448564
250.52980684023626,108.46112614478008
249.004297808439,106.94792972716309
249.31209554030397,106.22842847986765
250.53891321446508,105.89736996410598
250.84367082264663,105.17344155355808
251.14633665573947,104.44863610599221
252.3713453522882,104.10429407606631
252.670917414475,103.37508158607449
253.8950065758293,103.02099609234803
254.19144402110737,102.28738820824508
254.51153441640008,101.48831878107744
253.87201059786307,100.38925358323227
254.15926716435354,99.65975574161699
254.44442753350327,98.9294359488004
255.66055708000036,98.55800096158549
256.8766440645786,98.180393837669
256.22242636906725,97.08794068033326
256.5001923476647,96.35170639698607
255.83870470947898,95.2657187690096
256.1112391115273,94.53059399346911
253.56428032470518,92.76397869547385
254.76974924455624,92.37626789314413
0.0,0.0
253.38050770664898,90.3289450526286
253.64598206582835,89.58077797084307
253.9092472866052,88.8318306821917
255.1151720837798,88.40955249668109
253.48330792202708,87.00696871461963
253.73897805412335,86.25851271642189
257.7833701518633,86.78556373699149
258.03836815029615,86.0244184074048
256.3919193520807,84.63559352279704
256.6405784419093,83.87856398986689
257.8384356536908,83.42865874300949
255.18497221242197,81.88180479780249
251.60684767191123,79.93743931727903
249.92753513422116,78.61442095272754
248.24271444122047,77.30171231515297
246.55243097290668,75.99933408491215
242.94378697794983,74.12365593258694
237.4118231644143,71.69118649979833
236.65859891356544,70.7227513624022
238.77862917796443,70.6099585603345
240.8999476342506,70.48556752850423
239.1802520916219,69.23732381734723
239.37810538728004,68.55014705451957
247.29002433702635,69.9760234894276
238.8176984797857,66.85885799816037
235.14857750276238,65.12408539417166
236.2939864030974,64.73138334481058
235.50862965530396,63.80975911160364
235.68590161453267,63.15184700501506
236.82798046598475,62.74956309332476
237.00228665898237,62.08797080283376
237.1747446605399,61.4258943378744
237.34535312579513,60.763338861451764
238.48355607420416,60.34561692618547
239.62126933305615,59.92201000646561
238.72387676503422,59.38779893440033
238.8934455255216,58.70197343313638
240.03283685642737,58.251499814646195
241.17160307301697,57.79496406427766
241.3365873472184,57.10211561403326
241.4995811800786,56.40879620986988
242.63502106288774,55.93966887470836
241.81959216098784,55.020767416435575
241.9766066697227,54.32606947503472
243.10796265793917,53.847177199051515
243.26160147159732,53.148784082740455
244.3907971558413,52.660594997896006
244.55502900283398,51.89256005848079
243.72504520979032,50.98139207088849
243.87124911959648,50.27736919179151
244.99540100105693,49.772015112222576
245.13810726900493,49.06432884051131
246.25988441768612,48.549658357066406
246.3990555862095,47.838325704648554
246.53617204310842,47.126594130393634
245.68847873005416,46.22955136394612
245.8209524557196,45.51987844626605
245.95137629053895,44.80982594018545
246.07974914691312,44.09939976680312
245.20202251331148,43.32399052928403
244.3408624007475,42.44458694885563
244.46241181811442,41.738821354593085
244.58192267344984,41.032707702010114
244.6993939701577,40.326251879359575
243.82766817732443,39.45970389154702
243.9406002202793,38.75543270523345
244.0514980525682,38.05083833895517
244.16036074941871,37.345926668295704
243.27825142164042,36.49236064204544
242.39325666004567,35.644201852997334
242.4951765724083,34.944088757850366
224.7742791048351,31.70998979661928
236.75204345518782,32.702750951454455
241.80041942182112,32.68879268849488
241.893807404267,31.990403865337207
242.9769207779559,31.41999314549473
242.07453117958744,30.592831745082773
243.15433212715735,30.016175102701666
243.23999668637617,29.31388769869522
242.33047519201997,28.494574803105774
244.3987307778092,28.022498000641303
242.49100179988002,27.0945390455454
239.58583595230434,26.069660738788006
239.66655376450439,25.31685222625282
240.73185894892418,24.74211161148694
240.80077692214334,24.062124463400124
239.8724527816735,23.28532577620111
238.9416695559924,22.513963440383616
238.00845054982292,21.74804512760844
236.07671480964606,20.899395318645997
234.14209981107797,20.061831822124326
233.2012392634093,19.31791929815761
232.25805228599256,18.57948191735023
231.3125623023537,17.846526864343318
229.36754257288172,17.04495274494185
220.44265616101106,15.685513848078307
220.4867936395717,15.052369598867937
218.5333740611052,14.28861160046958
210.5890873380268,13.161925928104838
207.6313353481209,12.378553290112537
206.66763417531124,11.725569682523686
200.70913850246527,10.809334928579567
200.73935367414518,10.232882608847353
203.7644492515746,9.800470458221639
202.79277532154205,9.170075102558158
201.81916938364628,8.545341964783551
210.83587763603097,8.3206190541677
0.0,0.0
0.0,0.0
0.0,0.0
0.0,0.0
0.0,0.0
0.0,0.0
0.0,0.0
195.97463341624757,3.1532613858318848
195.98292204809405,2.5873278668715205
195.98957638638706,2.021372772290218
195.99459637563632,1.455400821564181
194.99799227003146,0.8848788938292191
194.99957231729897,0.40840674638780783
197.9999449445578,-0.14765484103314727
200.9987077342335,-0.720755969927425
197.99591197906258,-1.2723362681714108
196.99154276921135,-1.8253978760749199
190.9860035947617,-2.312235044641304
192.97844289689593,-2.8845410535265152
188.97010483538884,-3.361469693771892
184.96064658690946,-3.815653830259507
184.94906368584284,-4.34094940422568
179.93771895650286,-4.734690774548043
185.92099767370678,-5.420574140579272
180.90565713959148,-5.843219565665168
172.8930747578807,-6.081504810972249
0.0,-0.0
149.87453115501137,-6.133914823791209
143.86204548889356,-6.301735296846501
143.84335455612322,-6.714860388825886
146.8197997076684,-7.276428643237397
0.0,-0.0
0.0,-0.0
140.76179707373709,-8.192465109603013
137.74327010660622,-8.413770875090483
136.72057851717466,-8.745479399614647
135.7009996877188,-9.013250454400023
133.6791942637585,-9.266769717237967
132.65447496366494,-9.580723986964081
131.62906550052824,-9.888837922508571
130.60299105801644,-10.191110179939939
128.5795362307984,-10.406866131204048
127.55244450617269,-10.69457341364004
128.51728776254805,-11.149293527323517
126.49254722805958,-11.341758935769965
125.46352569929194,-11.61480602950884
125.42946224420866,-11.97706145632702
124.39915956148928,-12.241286713214889
123.36520789476974,-12.53098085068533
120.34495282929382,-12.573477184734788
0.0,-0.0
0.0,-0.0
0.0,-0.0
0.0,-0.0
0.0,-0.0
0.0,-0.0
0.0,-0.0
0.0,-0.0
117.99667205443829,-15.420291309743172
118.9430930471898,-15.891526558752869
118.90108156415094,-16.20286403309992
118.85405894907677,-16.544264000836787
114.84585420715472,-16.32267660124905
112.81921967483228,-16.365319183014325
111.78252966601534,-16.542855299687528
111.73456000037258,-16.86381040936894
0.0,-0.0
0.0,-0.0
108.62268648557351,-17.352578501675342
107.5853825834484,-17.503869697099496
104.5750005053562,-17.322507592861616
101.56657184744978,-17.12400312884874
100.52671802392393,-17.27364939260051
101.461480288084,-17.736065452933495
99.4407172953024,-17.678906747752993
97.42114692304858,-17.61022805638193
99.33695570439235,-18.252923913269086
98.30082390167425,-18.35614393744033
0.0,-0.0
0.0,-0.0
0.0,-0.0
0.0,-0.0
0.0,-0.0
0.0,-0.0
81.27255441975721,-16.845530507751924
81.22357033690473,-17.080152860144157
83.12990673966785,-17.731852848874148
81.12357062525325,-17.548968317526445
0.0,-0.0
0.0,-0.0
0.0,-0.0
0.0,-0.0
0.0,-0.0
0.0,-0.0
0.0,-0.0
0.0,-0.0
0.0,-0.0
81.55233628788548,-20.12998872298829
80.52370135777954,-20.12296001196479
81.43471700686138,-20.600652077359136
83.31238584378063,-21.331815792778208
82.28240975853227,-21.321469094060888
79.31859633049407,-20.798083473246585
79.25820651823354,-21.02704685668064
79.1971557750377,-21.255834896432873
78.1703782123232,-21.222440249470527
79.07307353774591,-21.712877314953616
0.0,-0.0
0.0,-0.0
0.0,-0.0
0.0,-0.0
0.0,-0.0
0.0,-0.0
0.0,-0.0
0.0,-0.0
0.0,-0.0
0.0,-0.0
0.0,-0.0
0.0,-0.0
62.962614190113456,-19.791645064191215
64.80619073113189,-20.595087834727835
65.69893584812255,-21.086721613951248
63.73555306870334,-20.658636814332645
0.0,-0.0
0.0,-0.0
0.0,-0.0
0.0,-0.0
52.07133128220915,-17.708090199070778
52.96608440173143,-18.182241422571167
50.078989423037065,-17.35208397764782
49.08500776440396,-17.16572202875262
48.09251733053609,-16.973796770672315
43.32925383260437,-15.445897912058708
41.402536238798355,-14.893958271560608
41.359353992357356,-15.013455209740137
39.437834722324276,-14.444971180817
39.395957217820275,-14.558796478132209
38.41675711604285,-14.32315512332988
37.43925428280902,-14.081982770447016
37.39843332116942,-14.190038235397548
36.42336798313917,-13.94052598594587
35.450063341443375,-13.685503611035017
34.47854307983934,-13.424979221274894
34.439631706800064,-13.524487713032673
34.40648237116684,-13.608599150632124
32.50936316029541,-12.966931283539214
31.544017492704413,-12.687590804402468
30.5805639715674,-12.402786266838344
30.544620660734616,-12.49104273837153
31.43292029530649,-12.960382776326838
33.242149319895184,-13.818809955773764
34.12438654552122,-14.30126717783603
36.846428294727446,-15.567296551473182
37.721353646507396,-16.065474754115524
37.67480373409732,-16.174336573635614
37.62793965304323,-16.283063516025997
37.57659929818282,-16.40119462672785
37.52934247104175,-16.509041573975814
37.48177611787488,-16.6167523616832
37.43390063098921,-16.724326101497358
37.38571640524136,-16.831761906195894
38.247887834083905,-17.3522066674915
38.197897069053404,-17.461977536980214
38.14759126404362,-17.5716043875186
37.18990009981363,-17.260108069356992
36.23432018693764,-16.94325944411179
35.28087435889542,-16.621068090584185
34.32958541149986,-16.29354367455207
35.19203007654955,-16.80836158259429
36.04445688106958,-17.343503917856843
37.79393453512806,-18.31989389582961
38.639466425516005,-18.867740573566866
39.48214192622173,-19.420619684183222
38.52985285486248,-19.090585087488677
37.579806592238576,-18.755216247485446
36.6320259941579,-18.41452338680912
36.57869722292923,-18.52022973597438
36.5250634234438,-18.625781645703032
36.47112504295167,-18.731178235802023
36.41688253124279,-18.836418627373508
36.357526564240004,-18.95073249588476
36.30295285865983,-19.055067928032216
35.363980235895454,-18.69194751424249
35.31015382069179,-18.79343069157639
35.25603618238472,-18.894758868701643
35.20162776731348,-18.995931209906622
35.1469290242155,-19.09694688076495
35.969238914328244,-19.67775017434602
35.912578919879195,-19.780967502209
36.73015011753197,-20.36899782374101
37.54463281728634,-20.961883183892265
36.61255107461737,-20.57962836905794
36.55854832591795,-20.67540916890213
35.627421271399804,-20.290067854746294
35.566415455102444,-20.39681572390774
35.5050897988285,-20.503380169550695
36.30791911879771,-21.112437312230046
37.10740708615178,-21.726489346938045
37.042087091039434,-21.837668921838926
36.97643398560051,-21.948652115984885
36.910448360237126,-22.05943793133153
38.55781131105528,-23.20118934238194
38.48806248100283,-23.316711741976444
37.564234925384234,-22.911312805479817
37.49207165987276,-23.029211073134178
0.0,-0.0
190.18843699417044,-118.34001197276622
191.5409636599638,-119.95023651586696
199.65368388860858,-125.8348382194198
206.8894976990633,-131.2316110616237
211.56705437870423,-135.05695650916468
211.17616523304744,-135.66734034934368
210.78351509800498,-136.27659286513259
210.3891072478703,-136.88470897599967
209.99294497159428,-137.4916836108896
209.59503157275793,-138.0975117082658
210.01776987876963,-139.27144838461385
210.45320567035736,-140.42239217115718
210.88379117790734,-141.57692827022618
211.30950952130598,-142.73503839585112
211.7303438852386,-143.8967041951921
212.14627751943294,-145.0619072487596
212.55729373890202,-146.2306290706366
212.14112350749076,-146.83372813144655
211.72324207912175,-147.43564278526958
212.12265923085457,-148.6101525496517
211.69973261333138,-149.21200759806163
212.9065663002461,-150.9695135656166
214.08572254713425,-152.76224468588907
213.64369493971662,-153.37982791914098
213.1998857662843,-153.996132124295
212.75429872774376,-154.61115216201569
212.3069375398271,-155.2248829036761
212.66334892139952,-156.42985656688134
213.01456474515146,-157.63817813725734
211.75635385985666,-157.6554680307003
211.3002056932152,-158.26630429123233
210.84229550281987,-158.87582077554023
207.19501154493503,-157.0675879705748
205.9454239541901,-157.05884996500168
197.51852274454433,-151.61607161779693
0.0,-0.0
0.0,-0.0
0.0,-0.0
0.0,-0.0
0.0,-0.0
46.958267255593086,-37.34864303227487
44.508273000743834,-35.60917907634572
42.068676337960795,-33.85596655202591
41.19402759130062,-33.34744504166944
41.09808865566735,-33.4656108393513
39.454572618604274,-32.316198716483996
37.05396131410542,-30.512357348011953
36.96618141483654,-30.618645162798984
36.87809663425425,-30.72468044804706
36.02325545511843,-30.18816103069679
34.407201879001015,-29.00249056301319
33.56101859185283,-28.454490525702774
33.479162993923325,-28.550755598167896
32.63800783607436,-27.995721896253162
32.55747356188722,-28.089338106602195
32.47667076753057,-28.182722648059137
33.14898616872051,-28.933453232996172
33.06575675799863,-29.028533032533147
32.97439790905517,-29.132268750224352
32.89013451307713,-29.22736819680644
32.06001510107884,-28.6558097376186
31.233477180461755,-28.079706252337733
31.152260551695484,-28.16978279148204
31.070784145505407,-28.259624423962357
30.989048641319943,-28.349230400593
30.90705472072815,-28.438599974153366
30.82480306747393,-28.527732399394274
30.742294367450448,-28.616626933044092
30.659529308694406,-28.705282833814902
29.848496472299725,-28.108135091875283
29.779726304889305,-28.180984745141252
29.698671769421487,-28.266391618531138
29.617372291963203,-28.35156536276701
30.256214605063267,-29.13007857477141
30.172432443846834,-29.216849940085925
30.088401433263773,-29.303380337271165
30.00412226636607,-29.389669052661272
29.207224313532087,-28.773912627569786
28.414116424821266,-28.153827231776184
27.624816875472803,-27.52942957266992
27.545642399025937,-27.608650543352976
26.761978154835536,-26.977704224787285
25.975064501572337,-26.349497606959353
25.89551182268024,-26.427683732053172
26.5134460659794,-27.221998047652594
26.431260652776494,-27.301803242734515
26.348835027896513,-27.381360314503986
26.26616994043715,-27.46066853993318
26.183266141672448,-27.539727198255783
26.100124385045845,-27.618535570973627
25.332094230738065,-26.968222074972
25.250679232713605,-27.0444670549561
25.169034752331655,-27.120466250341664
25.765192924336453,-27.93125191558235
25.69686715330919,-27.994124714039177
24.94181756756273,-27.329576221127528
24.86279333916164,-27.401487320474764
24.11373578686644,-26.73065181399804
24.036444538661865,-26.80017414010275
23.958952851531546,-26.86947298065387
23.88126137167548,-26.938547757771218
23.803370746959764,-27.007397895443024
23.725281626911094,-27.076022819530838
23.64699466271145,-27.14442195777424
23.568510507192638,-27.21259473979558
24.14232508746498,-28.03833339146889
23.40878354460104,-27.35011614165497
23.32970639456187,-27.41760017841713
23.25043469905738,-27.484855580935267
23.170969119130987,-27.551881788369343
23.091310317442918,-27.61867824179054
22.372251764979495,-26.916209817958617
22.294431937821287,-26.980702447672748
21.581671164071636,-26.272256655374672
21.505714191302822,-26.334468992595927
21.429577883264887,-26.396461727759736
21.353262874855425,-26.45823434391118
21.27676980246212,-26.519786325930983
21.19335057704828,-26.586498289890063
21.116487780714685,-26.647587954764823
21.03944889485504,-26.708455406495954
20.9622345618935,-26.76910013751224
20.88484542571721,-26.82952164209975
20.807282131670995,-26.88971941640606
20.119852816947503,-26.15705493025485
20.04423460982174,-26.21504642197729
19.96844925464518,-26.2728193075022
20.495300334400575,-27.1282631991567
19.81637962941216,-26.387707334723473
19.740096627458072,-26.444821518373278
19.675420873865317,-26.492976681306782
20.193172562567796,-27.353898841999825
20.114532831621446,-27.41177792419935
19.446441110326607,-26.661506486742255
19.36979290988383,-26.717243919016312
19.87762086338915,-27.584056786690322
20.3806250253896,-28.454000133100145
20.298825188932096,-28.51241301519701
20.216857936413565,-28.57059073906019
20.13472394386499,-28.6285328248646
20.052423888692516,-28.686238794728627
19.399388208252777,-27.922459367783187
19.311571627263096,-27.983266451311348
19.796291527381207,-28.863590243816432
19.149634404912916,-28.09433220701598
19.06842592378203,-28.14951389969705
19.545501326882786,-29.034003821051332
19.461577684267347,-29.09032474963501
19.377491752353322,-29.146403095193048
19.293244232329883,-29.202238390090404
18.660011945969828,-28.421892163898292
18.57785960403016,-28.47565859700078
19.03953917567139,-29.368281324893264
18.954652341963246,-29.42313978139157
18.88270153597839,-29.46936685277034
18.797523449241496,-29.523771984203105
19.24682257103357,-30.42301465862896
19.158889095811407,-30.47846729437684
19.070795855398412,-30.533665771435285
18.455250707056056,-29.73892602868683
18.36929599045115,-29.79209567679312
18.80556489569824,-30.69773165811575
19.236752174751153,-31.606128610875558
19.145402236657898,-31.66154723314347
19.56886271734938,-32.573909988663225
19.474716710403364,-32.630283618895135
19.887757633198866,-33.54813104068751
19.78866415755612,-33.60667747426773
19.68939833186244,-33.664931209334924
19.58996102067698,-33.72289173852617
19.49035309005239,-33.78055855703226
19.3905754075274,-33.83793116260203
19.785260350891434,-34.76411185184289
19.682578732631452,-34.822350501276674
20.069218830482107,-35.75229301085768
19.96361966646547,-35.81136537208143
19.857846628616926,-35.870125832987085
19.751900638170323,-35.92857388179841
19.638930408435208,-35.990448905405984
20.01372304713304,-36.92493588068442
19.909357744933082,-36.98131249948105
19.333289978921183,-36.155551421475316
19.23110032934985,-36.21000939136139
19.12875728406836,-36.264178534294714
18.56220649698519,-35.432252115315514
18.462062705292063,-35.48453523249056
17.902727360769163,-34.64812192667832
17.80480078385511,-34.69854563302665
17.25271341397121,-33.857700451380005
17.157021782293054,-33.90629150411354
17.050417534771928,-33.96002446833545
16.95227931436789,-34.00911974820364
16.853999729601533,-34.05793142741631
16.314643294758547,-33.20892070159447
15.341991871639621,-31.458278487713592
14.815339833583806,-30.602380718098143
0.0,-0.0
0.0,-0.0
0.0,-0.0
315.58731157645076,-671.5419933049222
313.6467687727796,-672.4505219258846
311.7036104815604,-673.3534430095087
310.0039062506916,-675.2381639905378
308.9249529759281,-677.9309503399447
307.8332555758416,-680.6230136878847
306.728809569135,-683.3143035092279
305.20467109684006,-685.091314162331
304.48165472976876,-688.6943603174211
302.5353909987826,-689.5515478868956
300.9858996558338,-691.320105456487
300.2220175141747,-694.9213913815854
298.6521842829133,-696.6856341442995
297.46618013281585,-699.3667647788184
296.6562098916846,-702.9680598239871
295.34129303364045,-705.6901024027596
294.45242918155225,-709.310768950453
293.54510761589376,-712.9321635294436
292.24125565372395,-715.6284290705162
290.9242731132011,-718.3230939581126
289.5941584106569,-721.0161048232026
288.6209370035215,-724.6364293376433
286.8945271788786,-726.3969508986169
284.06638774374204,-725.360108742011
281.9705645794484,-726.1773892863555
282.3872895998736,-733.5212462311076
280.2679063356449,-734.333643978154
279.02046419625253,-738.0166533078421
277.2507863814273,-739.7513105435368
275.47344354242153,-741.4818823834338
275.4162756606796,-747.9003109380291
270.8671888892769,-742.1125022415542
266.01346626220845,-735.3644237839935
261.8756964582263,-730.477323128185
259.107263041424,-729.3417760139497
254.68723539393935,-723.4800703042151
252.60845453482514,-724.2085118924847
252.16075578555711,-729.6567365834818
250.38816426716951,-731.3239823736925
248.47270667934404,-731.9769900997167
246.36954951749718,-732.6875494169022
244.58035569617834,-734.3408265972489
242.47042598752157,-735.0401978949382
240.66903717923978,-736.6840669806954
238.5523941510648,-737.3721958717965
236.43378364438703,-738.0542432312135
234.61556277535638,-739.6834036962049
232.7899319893385,-741.308200119491
230.66004160839938,-741.9736822861114
228.82236499209455,-743.5888146545943
226.97731148060888,-745.1995035378343
224.63508195859563,-745.9088952100351
222.76576453151765,-747.512818721317
220.88905457335775,-749.1121582044228
218.72490549641174,-749.7469011043565
216.5589324814448,-750.3753918956145
214.39115359041648,-750.997625337238
212.49331748536605,-752.5759696031115
210.85710165746383,-755.1127615665187
208.9418342725432,-756.6824366210868
207.0192574246303,-758.2473389701771
205.34997915035024,-760.7728873079999
203.6678366891072,-763.2951017125547
202.0575945272103,-764.7573003861273
200.35365068779174,-767.272712049682
198.38700227710797,-768.8163612511786
196.4131072624825,-770.3550423639068
194.6762392392082,-772.8584358572265
192.6850868027198,-774.387795180056
190.6867230190258,-775.9120914538356
188.6811605487261,-777.4312957773091
186.66841215921977,-778.9453792801878
184.64849072463136,-780.4543131235266
182.84883314756175,-782.9318643512826
180.81179167121596,-784.4310651629273
178.56808908129096,-785.9703795702839
176.51641175620142,-787.4585426425414
174.45762687491813,-788.9414024027208
172.39174798108206,-790.4189302060187
169.89824850544105,-789.9358107813466
167.6164246507967,-790.4231361664989
165.33320304965793,-790.9038702455189
0.0,-0.0
0.0,-0.0
0.0,-0.0
0.0,-0.0
153.89679563480158,-793.2085326654902
152.52236517037196,-796.5286737606096
151.51818579681444,-803.8446612205881
150.29062287183694,-810.1782079745142
148.84818378500393,-815.5275704621554
0.0,-0.0
0.0,-0.0
0.0,-0.0
0.0,-0.0
0.0,-0.0
5.686821327061784,-34.53491078885358
5.267809210467199,-32.576835115187556
4.703376713197075,-29.629010234797846
4.615445096183696,-29.6428349953933
4.529825568609997,-29.656039525161937
4.444168267006535,-29.668996754432598
4.358473905666076,-29.681706575155477
4.272743199190391,-29.694168881343895
4.186976862484294,-29.7063835690752
4.101175610749756,-29.718350536491613
4.149184831462602,-30.72107200659444
4.19143597274998,-31.724310307496637
4.2279264738994735,-32.72804054219103
4.258653869982726,-33.73223780325997
4.161226769268347,-33.744394968271756
4.055195265503309,-33.757301304438414
3.959839821352367,-33.76861958370866
3.7507924155495003,-32.78614884757672
3.658180968876057,-32.79661128834736
3.565540342943108,-32.80681212892903
3.4728712766929655,-32.81675128795538
3.482604039879562,-33.821168949363866
3.3870705007492417,-33.83086982953519
3.4851281769059756,-35.83090679274718
3.5719140914237606,-37.83175160792173
3.4650532827342158,-37.8416887274843
3.358164835256475,-37.85132400510248
3.239235017572474,-37.861687185081074
3.1304883460175064,-37.870833668080884
3.1012346938318798,-38.87650117196471
2.989574191720303,-38.885247153029646
2.8778890328746396,-38.893672425144686
2.7661801384264555,-38.90177691882178
2.654448429703133,-38.90956056721852
2.4774975249324993,-37.9191509136736
2.3062576784597137,-36.92805404459522
2.1407313543995206,-35.93629459569101
2.037518663106264,-35.942294274259865
1.8805589125820714,-34.94944202954187
1.7201599626082555,-33.95645814426233
1.6698046646580027,-34.96014519966824
1.5688425021983532,-34.96482136667219
1.4678672572254015,-34.96920596346399
1.3278260640027884,-33.97406184052409
1.2297128625851952,-33.9777545796598
1.1315894066424326,-33.981163979692845
1.0030607345860811,-32.98475207065731
0.9078057394192017,-32.987511102529055
0.837165694524654,-33.989691872682684
0.7607449744061596,-34.991731410204835
0.6785438297547045,-35.99360468570912
0.5905929240490327,-35.99515522953142
0.47008314087471215,-35.99693072805882
0.34956808893880525,-35.998302767647196
0.22904911899192207,-35.99927133291852
0.10852758182850641,-35.999836413016965
-0.011995171728128301,-35.99999800160904
-0.1361988405866687,-36.99974932179707
-0.2881832197687474,-40.998987187878726
-0.4565699385024498,-43.99763111681419
-0.6038649628763282,-43.995856021977914
-0.7682248831112506,-44.99344208358557
-0.9188519892660377,-44.99061803333915
-1.0601894175124453,-44.987509359810026
-1.1893826943484136,-44.98427912956242
-1.3185661616627034,-44.98067788814791
-1.4155667816938953,-43.977223317150944
-1.4367305699249246,-40.97481916091203
-1.5164862688273628,-39.97124303041448
-1.5904898776843155,-38.96755499064553
-1.5714392543807063,-35.965686128166546
-1.8142811328657207,-38.95777693825621
-0.0,-0.0
-0.0,-0.0
-2.1498534836056074,-38.94070017345642
-2.0785777055832524,-35.93994316525629
-2.1817834755112426,-35.933825580725276
-2.284971251018779,-35.927411629311926
-2.5208146355601775,-37.916295884133326
-2.629694382217752,-37.90890010876249
-2.5223509318336483,-34.908992334020155
-2.772456651081645,-36.89598195085575
-3.033994633722575,-38.881806498188105
-0.0,-0.0
-0.0,-0.0
-0.0,-0.0
-0.0,-0.0
-0.0,-0.0
-943.5979510627374,-9861.960855060732
-972.4651027729045,-9863.175585169762
-1001.6501149080274,-9867.290461281898
-1030.3476672744232,-9866.346014839646
-1059.2615907552697,-9867.306668101008
-1088.1896509029732,-9868.182572473397
-1117.2440772816256,-9869.967308546626
-1146.317880984698,-9871.666491314156
-1175.174380255877,-9871.29404769153
-1204.1593665268238,-9871.829882043436
-1233.0332953134787,-9871.288309671052
-1262.6972013507138,-9870.562130785718
-1291.3473172499214,-9872.905909924972
-1319.6232607504512,-9872.192990905634
-1347.9054745023407,-9871.399081782005
-1376.1937265063277,-9870.524141458985
-1404.769555628257,-9871.548181292535
-1433.5058216079829,-9873.47912639795
-1462.2641927386262,-9875.3264467882
-1491.0444257442875,-9877.090033023738
-1519.6942162492444,-9877.781405209298
-1549.4437593954228,-9885.30525762713
-1579.8784721918103,-9896.689750270283
-1614.4983289248296,-9913.39150573097
-1677.473055760252,-10115.858843775864
-1709.6737791181897,-10128.72151700281
-1739.0848753229532,-10124.72778875674
-1767.2822354176951,-10113.753136218871
-1796.4805799405012,-10108.607546338746
-1824.9526691383269,-10099.441408088116
-1849.7736145750482,-10070.524245282466
-0.0,-0.0
-0.0,-0.0
-0.0,-0.0
-0.0,-0.0
-0.0,-0.0
-0.0,-0.0
-1439.1654754955377,-7024.080205560135
-0.0,-0.0
-0.0,-0.0
-0.0,-0.0
-0.0,-0.0
-0.0,-0.0
-0.0,-0.0
-0.0,-0.0
-0.0,-0.0
-0.0,-0.0
-0.0,-0.0
-0.0,-0.0
-0.0,-0.0
-0.0,-0.0
-0.0,-0.0
-4746.1157752498775,-18997.103622603216
-0.0,-0.0
-0.0,-0.0
-0.0,-0.0
-0.0,-0.0
-0.0,-0.0
-0.0,-0.0
-0.0,-0.0
-0.0,-0.0
-0.0,-0.0
-0.0,-0.0
-0.0,-0.0
-0.0,-0.0
-0.0,-0.0
-0.0,-0.0
-0.0,-0.0
-0.0,-0.0
-0.0,-0.0
-0.0,-0.0
-0.0,-0.0
-0.0,-0.0
-0.0,-0.0
-0.0,-0.0
-0.0,-0.0
-0.0,-0.0
-0.0,-0.0
-0.0,-0.0
-0.0,-0.0
-0.0,-0.0
-0.0,-0.0
-0.0,-0.0
-0.0,-0.0
-0.0,-0.0
-0.0,-0.0
-0.0,-0.0
-0.0,-0.0
-0.0,-0.0
-0.0,-0.0
-4250.207508997883,-11393.038933070404
-0.0,-0.0
-0.0,-0.0
-0.0,-0.0
-0.0,-0.0
-0.0,-0.0
-0.0,-0.0
-0.0,-0.0
-0.0,-0.0
-0.0,-0.0
-0.0,-0.0
-0.0,-0.0
-0.0,-0.0
-0.0,-0.0
-0.0,-0.0
-0.0,-0.0
-0.0,-0.0
-0.0,-0.0
-0.0,-0.0
-0.0,-0.0
-0.0,-0.0
-0.0,-0.0
-0.0,-0.0
-0.0,-0.0
-0.0,-0.0
-0.0,-0.0
-0.0,-0.0
-0.0,-0.0
-0.0,-0.0
-0.0,-0.0
-0.0,-0.0
-0.0,-0.0
-0.0,-0.0
-0.0,-0.0
-0.0,-0.0
-0.0,-0.0
-0.0,-0.0
-0.0,-0.0
-0.0,-0.0
-0.0,-0.0
-0.0,-0.0
-0.0,-0.0
-0.0,-0.0
-0.0,-0.0
-3136.6684093510194,-5973.551731573047
-0.0,-0.0
-0.0,-0.0
-0.0,-0.0
-0.0,-0.0
-0.0,-0.0
-0.0,-0.0
-0.0,-0.0
-0.0,-0.0
-0.0,-0.0
-0.0,-0.0
-0.0,-0.0
-0.0,-0.0
-0.0,-0.0
-0.0,-0.0
-0.0,-0.0
-0.0,-0.0
-0.0,-0.0
-0.0,-0.0
-0.0,-0.0
-0.0,-0.0
-0.0,-0.0
-0.0,-0.0
-0.0,-0.0
-0.0,-0.0
-0.0,-0.0
-0.0,-0.0
-0.0,-0.0
-0.0,-0.0
-0.0,-0.0
-0.0,-0.0
-0.0,-0.0
-0.0,-0.0
-8756.353786904847,-13493.912122085172
-0.0,-0.0
-0.0,-0.0
-0.0,-0.0
-0.0,-0.0
-0.0,-0.0
-0.0,-0.0
-0.0,-0.0
-0.0,-0.0
-0.0,-0.0
-0.0,-0.0
-0.0,-0.0
-0.0,-0.0
-0.0,-0.0
-0.0,-0.0
-0.0,-0.0
-0.0,-0.0
-0.0,-0.0
-0.0,-0.0
-0.0,-0.0
-3362.6863969213555,-4583.837387600052
-0.0,-0.0
-0.0,-0.0
-0.0,-0.0
-0.0,-0.0
-14757.824850277058,-19510.12492754839
-0.0,-0.0
-14924.347284707435,-19496.503971877773
-14946.72029066361,-19409.986000836394
-14995.052623558771,-19357.49448706374
-15104.05820773578,-19382.975897867942
-15169.531813429547,-19352.11165638905
-0.0,-0.0
-15443.8711600514,-19470.715127897398
-0.0,-0.0
-0.0,-0.0
-15662.762053820117,-19390.290375479493
-15822.767089150204,-19475.59217694048
-0.0,-0.0
-0.0,-0.0
-0.0,-0.0
-0.0,-0.0
-0.0,-0.0
-0.0,-0.0
-0.0,-0.0
-0.0,-0.0
-0.0,-0.0
-0.0,-0.0
-0.0,-0.0
-0.0,-0.0
-0.0,-0.0
-0.0,-0.0
-14988.525271536946,-16910.6037498517
-0.0,-0.0
-0.0,-0.0
-0.0,-0.0
-15010.176329997214,-16546.002736080743
-15062.61224086592,-16507.75943250071
-0.0,-0.0
-0.0,-0.0
-14991.327097985966,-16143.886546962342
-14984.642546056479,-16043.525072966788
-14941.215465870406,-15904.708875123588
-15046.832086880764,-15924.733126467629
-15104.466585547481,-15893.538472161561
-0.0,-0.0
-14981.851392350338,-15583.286490902048
-0.0,-0.0
-15000.48608633719,-15423.379726039437
-15044.961983814239,-15379.998176384299
-15098.4298312884,-15345.755133901375
-15158.155845566354,-15317.728661962992
-15197.654217556137,-15282.771845565128
-15387.5184293623,-15391.425294170635
-15419.984205713825,-15341.890075721967
-15448.030632624865,-15288.070694940021
-0.0,-0.0
-0.0,-0.0
-15195.124303655877,-14799.14586712512
-0.0,-0.0
-0.0,-0.0
-0.0,-0.0
-0.0,-0.0
-0.0,-0.0
-0.0,-0.0
-0.0,-0.0
-0.0,-0.0
-0.0,-0.0
-14889.472097431779,-13709.89499083784
-0.0,-0.0
-0.0,-0.0
-0.0,-0.0
-0.0,-0.0
-0.0,-0.0
-0.0,-0.0
-0.0,-0.0
-0.0,-0.0
-0.0,-0.0
-0.0,-0.0
-0.0,-0.0
-0.0,-0.0
-0.0,-0.0
-0.0,-0.0
-0.0,-0.0
-0.0,-0.0
-0.0,-0.0
-0.0,-0.0
-0.0,-0.0
-0.0,-0.0
-0.0,-0.0
-0.0,-0.0
-0.0,-0.0
-42.93458278519565,-34.374723287048894
-43.81554544187828,-34.87403013175707
-46.26813498166491,-36.60955729476165
-47.15906599182795,-37.09477719003601
-48.05315908272757,-37.57517667516783
-47.37134893617931,-36.82329833090382
-47.476904797203716,-36.68710278663682
-48.37510357376259,-37.159781407157695
-49.260278162069866,-37.648705095866205
-50.16506262296345,-38.111238395441255
-51.072922558922045,-38.568855068440286
-51.98383710465946,-39.021541228867825
-52.096303744326946,-38.87126362981819
-53.01154112359229,-39.3163643754313
-53.929776888839626,-39.756498396111034
-54.850989972831606,-40.19165210588296
-55.77515925492531,-40.62181199906916
-55.892231224769475,-40.46057944119071
-56.82055938856802,-40.88305309991189
-57.75178683990954,-41.30049777905408
-57.881250973482416,-41.118861678610955
-58.81598846193584,-41.52926078375861
-59.753553807202266,-41.93462539965969
-59.87373760197931,-41.76284886797511
-59.17159980856131,-41.02099189555838
-58.465701593505024,-40.28351694153856
-58.58114895337257,-40.11544574478484
-59.52281898005179,-40.509678111137674
-60.467229697945385,-40.8988280107867
-60.5844358887256,-40.72500617611859
-61.532664903590245,-41.10633953373219
-62.48357700400901,-41.482557838012795
-62.61358974475547,-41.28605550637469
-61.896117334831686,-40.55700505304539
-62.01297663898604,-40.37809713659835
-62.96890420892246,-40.74208024546056
-63.08629348592364,-40.560073646480326
-63.20315668890941,-40.37772881870854
-64.16375274794048,-40.730981246480674
-65.12690900527082,-41.07901804351189
-66.0926033358062,-41.421827389623694
-65.36307145195843,-40.70219761101575
-65.48033557654486,-40.51327748754813
-65.59705366329698,-40.32401952552023
-64.84220105290835,-39.642010072828185
-64.9564058217738,-39.454598498996674
-65.92625403922631,-39.783527097976084
-66.0408629500622,-39.59298448981968
-66.15492114884906,-39.4021117173885
-66.26842768446015,-39.21091037236288
-66.38138161036922,-39.0193820491629
-66.49378198465801,-38.8275283449355
-66.60562787002446,-38.6353508595408
-66.71691833379036,-38.442851195538914
-65.95976085767646,-37.75327730936922
-66.93782928897323,-38.056891755374295
-67.0570580191878,-37.84641290546941
-67.15531206656534,-37.671793974301565
-67.25311140113463,-37.49691996506614
-67.35045536069023,-37.32179206184602
-67.4473432861102,-37.14641145044304
-66.66658264445948,-36.490639327222716
-66.7613101224142,-36.3170410515344
-66.85558555537239,-36.14319687089513
-66.94940830498925,-35.96910796241458
-66.1606359236695,-35.32379161663784
-66.25232883172662,-35.151513827611545
-67.22815411634637,-35.445384665831746
-67.31456275075523,-35.281009646474644
-67.41616385181283,-35.086476761075986
-67.51720277224351,-34.89165129098583
-67.61767866948782,-34.69653486084586
-67.7175907056814,-34.50112909772391
-66.9246099154558,-33.85404832016512
-67.02209197398935,-33.660647460055074
-67.11901513804521,-33.46696590518563
-67.21537859938506,-33.273005270659404
-67.31118155443801,-33.078767173906044
-67.40642320430707,-32.88425323466921
-66.60108805137907,-32.25360554065936
-67.60346646485935,-32.47724313938357
-66.79383821293874,-31.85252229861499
-65.98118675343086,-31.23272313790264
-66.97568740129282,-31.468353899184287
-67.06578378888807,-31.275879600454374
-67.15532704647475,-31.083147351595805
-67.24431643553821,-30.89015874218205
-67.3327512221318,-30.696915363901105
-68.33172028062485,-30.915627172846463
-68.4202237246622,-30.719260822278486
-67.59472069627614,-30.11567256417194
-67.6809298250974,-29.921426069127133
-67.75903190712752,-29.744135472541064
-66.92736020385975,-29.15010216350554
-67.0107991055817,-28.957776213503905
-66.17459375091148,-28.371167439882104
-66.25579876851964,-28.18100653889835
-66.3364573365305,-27.990613212980318
-66.41656878970657,-27.799989032411037
-66.49613246732274,-27.609135569377518
-66.57514771317166,-27.41805439795781
-65.7278692384086,-26.848597828912055
-65.80470349753567,-26.65972613515408
-65.88099502750703,-26.470634563334396
-65.96382973238262,-26.263533026560502
-66.96952883955375,-26.440162764404064
-66.11441255691689,-25.88212611540615
-65.25663958553284,-25.32925166687457
-65.32951135095854,-25.14070298629254
-65.40183833626702,-24.951944658418782
-63.6029450829457,-24.055464592807045
-62.73579032032936,-23.520642271920842
-62.80344983421947,-23.339380645610078
-62.870585632715795,-23.157924393160755
-62.937197155975625,-22.97627502772923
-63.00328384852823,-22.794434064082008
-62.11761700692046,-22.302503388219584
-62.18176145112717,-22.12303195394146
-63.18849929393425,-22.275851431100694
-0.0,-0.0
-59.536032320692826,-20.602447803827065
-62.43314863226315,-21.40331637531292
-62.49469515823799,-21.222937522381418
-61.60790659588263,-20.723557727209915
-60.71876293740199,-20.229479166591965
-59.82728741253639,-19.740711255113478
-58.933503285694634,-19.257263317382854
-58.98886719752336,-19.086999417219893
-58.092897153069806,-18.6068616473293
-58.14638639020826,-18.43902789630202
-58.19939074701408,-18.27104038297689
-58.25190978148608,-18.102900508195
-59.25974540084512,-18.228619668724672
-59.31213751493628,-18.057417960751998
-59.36403502754395,-17.886065672711133
-58.45712399773725,-17.428845455542138
-58.50720993229786,-17.259964830150324
-58.55680797763312,-17.090940274619236
-57.645164970636316,-16.644367080430644
-57.692988934736235,-16.477834438311433
-59.65751559881569,-16.8813753165156
-59.705220170858155,-16.711872556639275
-59.752443141835116,-16.542234993547922
-60.76368710068337,-16.63653599552037
-60.81069183760647,-16.463892560134795
-60.85720605638225,-16.291116321818816
-59.93651145511697,-15.862364092109113
-59.0138801270184,-15.438975106978535
-60.02564628637997,-15.521655449802987
-61.03835030545959,-15.598711228431688
-60.11284437865563,-15.1804459983075
-60.15571626602249,-15.009656908863622
-61.17358281098591,-15.059640303388699
-60.24488792190107,-14.647644154524622
-58.341972977050084,-14.007647523590741
-58.3819603338166,-13.840040013694512
-58.421466181050285,-13.672318357045306
-56.51180718649291,-13.05433447237537
-56.54906431266402,-12.891986866351825
-57.561473236700245,-12.9490076384502
-56.62217908380963,-12.56697401131199
-56.65803612576465,-12.404311442863243
-55.71595301644155,-12.030485421198795
-55.75027307750157,-11.870427615886623
-55.78728994800768,-11.695224677487845
-55.8208299082745,-11.534077698346206
-54.87401132161429,-11.173311124073592
-54.90604794823133,-11.01480361633933
-53.95659766707293,-10.662343466312674
-53.005577811700256,-10.315460282885594
-53.03514499347918,-10.162351869554598
-53.06426991735796,-10.009158712787928
-52.109749519345314,-9.673365755056022
-52.13746624540371,-9.522846922501111
-52.16474819926821,-9.372248679316154
-53.17634223180249,-9.395564211170027
-52.21397187788762,-9.094016754721766
-52.24001517021052,-8.943199372493876
-50.29333518103021,-8.460522227885768
-49.33093835781093,-8.15220956169912
-48.36718851313785,-7.8495270771292915
-48.38965410361859,-7.709823326908909
-47.42372196710918,-7.415564360608448
-46.45650211226988,-7.126949662559996
-46.476889066211854,-6.992766457349833
-45.50759295231761,-6.712598877198974
-44.5370745645032,-6.438088942837151
-43.565358498750534,-6.169241353306299
-43.58452472393329,-6.03234652426797
-42.61072199800935,-5.772899688056384
-41.63579672367496,-5.519096953743221
-41.651475078239315,-5.39950218138757
-40.6747430065849,-5.154151855375743
-39.69695341908135,-4.914457166695554
-39.710903330620134,-4.800432966529444
-38.73141258045996,-4.569209945076704
-37.75092946123952,-4.343653394611225
-37.763248131526915,-4.2352202489042785
-36.78116967961758,-4.018153431513092
-36.79255755996459,-3.9125066385492837
-35.80735891397478,-3.719280522599898
-35.81794986622428,-3.615863296730676
-35.828242134058044,-3.5124159183257033
-35.83823563164928,-3.4089392500283004
-35.84793027566263,-3.3054341547262265
-35.85732598525483,-3.20190149554426
-35.866422682075466,-3.0983421358369387
-35.87522029026754,-2.9947569391815496
-34.886948771566274,-2.8108371368883422
-34.894920228981114,-2.7100815878944493
-35.89981786191758,-2.6838549664882088
-34.90999011783541,-2.508503532513722
-34.917698527387074,-2.3988183654687867
-34.92444359516124,-2.298529871113425
-34.930900621005605,-2.1982224194631304
-35.9352715388558,-2.15783674746267
-35.941320345869286,-2.054626923702347
-35.9470727241868,-1.9514001542546138
-35.9525286263652,-1.848157290489881
-35.9576880074065,-1.7448991839113304
-35.96255082475835,-1.6416266861477313
-35.96711703831429,-1.5383406489467384
-36.97059179403675,-1.4749041998388985
-36.97467504767329,-1.368723901656663
-37.977540607591514,-1.3062960609055283
-36.98163192495046,-1.1657187342943331
-36.98482719692448,-1.0595080054608774
-36.98771743380264,-0.953288538256806
-36.99030261174753,-0.8470612087350581
-36.99258270943769,-0.7408268930133851
-36.99455770806784,-0.6345864672671576
-36.99622759134903,-0.5283408077221722
-36.99759234550879,-0.4220907906472599
-36.9986519592912,-0.315837292347388
-36.99940642395702,-0.2095811891561369
-37.9998518341833,-0.10611588060224869
-37.99999768490763,0.013264502045775868
-38.999793694258095,0.12685347968002605
-37.99927991287586,0.2339361086042537
-37.99844047546471,0.34426941857399634
-37.99728067899262,0.4545998260607016
-37.99580053323765,0.5649264008855513
-38.9938421572755,0.693017902715217
-38.99166554245575,0.8062370775827257
-38.98916019484587,0.9194494551882986
-38.986326135568085,1.0326540810556326
-38.983163388515905,1.145850000773779
-38.97967198035397,1.2590362600051888
-38.97576477250863,1.374685563347119
-38.97163255333225,1.4872310271286724
-38.96717535130948,1.5997640889516185
-38.96239320360874,1.712283810407437
-39.956190923187876,1.8715787212294852
-39.95061972655928,1.9869533119458533
-38.946097498766626,2.0497535502015687
-40.93693989136721,2.2730931196474096
-42.92680051618223,2.507946858268098
-39.925003980490686,2.4482763646701984
-38.91982338181864,2.4994695293288522
-38.912443331847015,2.6118487601303797
-38.90594522439617,2.7069219043564656
-37.90058241950262,2.746971471000132
-38.88966274182696,2.9315749737906827
-38.88103501696616,3.0438653073766724
-37.87536298616483,3.075203841415285
-37.86632473008375,3.184564559849325
-36.86073463700256,3.207217177005629
-36.85131939350523,3.3136473798317105
-36.84159684836604,3.4200499502880874
-36.83156708266089,3.5264240010881522
-36.8212301800276,3.6327686451829897
-36.810586226665166,3.739082995769005
-35.80409959540976,3.750526917911474
-35.79318097368595,3.8533356699055314
-35.78196714505659,3.956112641228821
-35.77045820200857,4.05885698422077
-35.75865423946275,4.161567851489721
-35.74655535477318,4.2642443959202065
-34.74154604640057,4.245583388161043
-34.72921007552513,4.34533859785904
-34.71658767292277,4.44505796905582
-34.703678942697685,4.544740679308468
-34.69048399131558,4.644385906476462
-35.66777443982002,4.879535480977811
-35.65574502007269,4.9666736417406625
-35.641253978615765,5.069616832839106
-35.62646572620288,5.172517748610556
-36.600585396879126,5.421913740162095
-36.58477580882394,5.52758347002472
-35.58031894880069,5.480958264903571
-36.55224153025562,5.738783766082841
-36.5355171110445,5.844312571087757
-36.518488023653816,5.949792640609672
-36.50115441008841,6.055223095054644
-36.4835164148926,6.160603055242435
-37.45113024420696,6.435281146262931
-37.4307284317218,6.552905391556727
-37.411755074683974,6.660374030927829
-37.39247316143109,6.767787738371779
-38.35637976812351,7.05607051293319
-39.3189308473049,7.349944015083071
-39.29766072356671,7.462832013079382
-39.27606648946722,7.575658460817124
-40.23550203118415,7.880632988445555
-40.212704065387584,7.996151058450602
-41.1698079653261,8.309447159599225
-41.14577465409918,8.427646653371855
-41.12140199005471,8.545776639505902
-42.07743326356184,8.859436209516888
-43.02976594617621,9.189082795213778
-43.9805442047706,9.524270651982702
-43.9530105045266,9.650537165825217
-44.901227949659464,9.993984621396987
-44.872341501828934,10.122893269379075
-45.81793463922026,10.474581872138847
-46.761869826369605,10.831783340782978
-47.70412320312412,11.19449103001807
-48.64467093389187,11.562698202987745
-48.61126392938315,11.702351011136738
-49.54900511987995,12.078745449346556
-49.51081416999277,12.234348377598344
-50.445381828464924,12.619962447661287
-51.37812717302902,13.011074059894394
-51.340340580795406,13.1593855877823
-52.27009050250136,13.558673934434628
-53.197954409446666,13.96343964252483
-54.12390842665729,14.373675125826946
-54.0821755720969,14.529910026868192
-55.00499158078579,14.948274187935006
-54.96159576988857,15.107051016904888
-54.917741636497134,15.26570186879559
-55.836121292735776,15.694825866600072
-56.69737880722699,16.321986288127068
-56.651055212889396,16.48204912218614
-56.604279744831786,16.641980488175843
-58.474241005856,17.371330944664802
-58.42494670673622,17.53640790797913
-58.375186384558035,17.701344993195015
-58.32496043623164,17.866140884701817
-57.31895337283407,17.735207476736026
-58.22311326734211,18.195303829786727
-57.217861828678764,18.05869008965561
-56.21385407417645,17.916545708567686
-58.06686045403687,18.687956469646654
-58.00786405562009,18.87028637050055
-57.953130041219445,19.03771830933287
-57.89791275804296,19.204991493412475
-57.84221266654524,19.372104527855345
-56.838718260203684,19.218743625356694
-56.78298287265396,19.382797942605887
-58.617666439942205,20.198246981747527
-59.503596635047295,20.695941329004285
-59.443584399196894,20.867684916529573
-57.497899435074594,20.371341648356122
-57.43883291576063,20.537294692225988
-60.20121958439178,21.721260565442414
-62.015772238053664,22.584153597552685
-61.011656032520335,22.41824766054263
-60.00902298189397,22.24673370988473
-61.81779695491488,23.120553186308417
-61.75077346367676,23.298969432952916
-63.55242397573268,24.188621432581037
-64.41587233438983,24.730454734994073
-63.411664582344535,24.55526002501769
-63.34049141019267,24.738272937198122
-64.19921342728338,25.287566022021906
-64.12592227490916,25.472850103439743
-64.98038763096862,26.029775706468552
-64.91659097105786,26.188474882977996
-64.84069525274396,26.375826795397114
-65.6894625281092,26.942429600318857
-65.6113863752713,27.132010207776084
-66.45575975503624,27.706172514097027
-66.37547492949017,27.897962790939097
-65.37387775989083,27.69938819964894
-65.29361703644747,27.888054329725772
-65.2128118322081,28.07648790246064
-66.04880736777866,28.662781534492893
-65.96576181755611,28.853392657180827
-65.88216618154972,29.04376317261017
-65.79059754343254,29.250594436320213
-65.7063227417908,29.439414935620313
-65.62150602239592,29.62799263116987
-65.53614808478005,29.81632596766041
-65.45024963293909,30.004413391798817
-65.36381137532692,30.1922533523201
-65.27683402484934,30.379844300000475
-65.18931829885861,30.56718468766951
-64.19708068415892,30.327130290081683
-62.30381316977724,29.651894787778602
-61.31668432412494,29.398371102760283
-61.232003578641496,29.574342558123508
-62.05369732744937,30.171818771716467
-61.966792312349945,30.349903632764434
-60.98257366761545,30.085307192612383
-60.895921518399604,30.260316297502836
-59.914520550194204,29.98750118366577
-59.82815369017586,30.159443397130133
-59.74129339303802,30.331136868356115
-58.76358305613517,30.0473177905234
-57.78800295829789,29.75813693919287
-57.70230356866743,29.923973046194078
-57.61612827502359,30.08956235301582
-58.41454667715114,30.720363547701236
-57.4341454655402,30.43548807959498
-56.46377033775133,30.130427133475443
-55.495643370720806,29.82001956521443
-55.40930003932236,29.980151252993213
-54.44435981629546,29.661619716289135
-53.48172863329451,29.337769212989702
-52.521429151571226,29.00861044373695
-52.4374413455293,29.16015680914926
-52.35301626581345,29.311460009209238
-51.397018706166904,28.971476802502313
-48.7039999647316,27.639109743901376
-46.887411998692635,26.787508209328724
-44.22060575938899,25.407440372314042
-41.54444533650933,24.042858850015904
-40.60515172308014,23.669001954996784
-40.53097066885973,23.795806702863267
-40.45639362076457,23.92237896200458
-36.944704600409175,22.00201813444633
-34.303025073471595,20.574315804147147
-34.23854793091553,20.68143698059687
-35.028079679242374,21.308064998601996
-0.0,0.0
-0.0,0.0
-0.0,0.0
-0.0,0.0
-0.0,0.0
-0.0,0.0
-0.0,0.0
-0.0,0.0
-0.0,0.0
-0.0,0.0
-0.0,0.0
-0.0,0.0
-0.0,0.0
-0.0,0.0
-0.0,0.0
-0.0,0.0
-0.0,0.0
-0.0,0.0
-0.0,0.0
-0.0,0.0
-0.0,0.0
-0.0,0.0
-0.0,0.0
-0.0,0.0
-0.0,0.0
-0.0,0.0
-0.0,0.0
-0.0,0.0
-0.0,0.0
-0.0,0.0
-0.0,0.0
-0.0,0.0
-0.0,0.0
-0.0,0.0
-0.0,0.0
-0.0,0.0
-0.0,0.0
-0.0,0.0
-0.0,0.0
-0.0,0.0
-0.0,0.0
-0.0,0.0
-0.0,0.0
-0.0,0.0
-0.0,0.0
-0.0,0.0
-0.0,0.0
-0.0,0.0
-0.0,0.0
-0.0,0.0
-0.0,0.0
-0.0,0.0
-0.0,0.0
-0.0,0.0
-0.0,0.0
-0.0,0.0
-13375.018754408375,11525.762851942784
-9005.908836733119,7805.916347518229
-0.0,0.0
-0.0,0.0
-0.0,0.0
-0.0,0.0
-0.0,0.0
-0.0,0.0
-0.0,0.0
-0.0,0.0
-0.0,0.0
-0.0,0.0
-0.0,0.0
-0.0,0.0
-0.0,0.0
-0.0,0.0
-0.0,0.0
-0.0,0.0
-0.0,0.0
-0.0,0.0
-0.0,0.0
-0.0,0.0
-0.0,0.0
-0.0,0.0
-0.0,0.0
-0.0,0.0
-0.0,0.0
-11627.835147770104,11710.78386685888
-11589.051411449056,11739.331470862839
-11553.702200534342,11771.321143413252
-11544.106252889098,11829.68519538905
-0.0,0.0
-11501.79263375281,11991.673036326067
-11518.376940091008,12078.207344882752
-11524.237829811764,12154.050495284913
-0.0,0.0
-11549.981294423567,12322.185402698082
-11513.864344787264,12354.572912482105
-11488.531421272713,12398.590838576356
-11566.707956559461,12555.0909215212
-11448.87441669496,12499.030946067283
-11421.011738624891,12540.731033962591
-11486.972360566939,12686.15237128938
-11496.772770273012,12759.500024245035
-11510.589319878474,12849.254239414038
-0.0,0.0
-11489.221810979556,12975.413025338024
-11437.828465495217,12992.774145420499
-0.0,0.0
-0.0,0.0
-11498.868963624185,13292.546353404245
-11513.251906442347,13387.108707215375
-0.0,0.0
-0.0,0.0
-0.0,0.0
-0.0,0.0
-0.0,0.0
-0.0,0.0
-0.0,0.0
-0.0,0.0
-0.0,0.0
-0.0,0.0
-13288.642792239245,16491.270834604224
-0.0,0.0
-0.0,0.0
-3416.8167205756154,4316.293374875589
-0.0,0.0
-17026.436927378683,21769.341160402524
-0.0,0.0
-0.0,0.0
-0.0,0.0
-0.0,0.0
-0.0,0.0
-0.0,0.0
-12406.29694896997,16525.274340051918
-0.0,0.0
-0.0,0.0
-0.0,0.0
-0.0,0.0
-0.0,0.0
-0.0,0.0
-0.0,0.0
-0.0,0.0
-0.0,0.0
-0.0,0.0
-0.0,0.0
-0.0,0.0
-0.0,0.0
-0.0,0.0
-0.0,0.0
-0.0,0.0
-0.0,0.0
-0.0,0.0
-0.0,0.0
-0.0,0.0
-0.0,0.0
-0.0,0.0
-0.0,0.0
-0.0,0.0
-0.0,0.0
-0.0,0.0
-0.0,0.0
-0.0,0.0
-0.0,0.0
-0.0,0.0
-0.0,0.0
-0.0,0.0
-0.0,0.0
-0.0,0.0
-0.0,0.0
-0.0,0.0
-0.0,0.0
-0.0,0.0
-0.0,0.0
-13207.524136229576,22601.968723784066
-0.0,0.0
-0.0,0.0
-0.0,0.0
-0.0,0.0
-0.0,0.0
-6580.167630858997,11727.028734926656
-0.0,0.0
-0.0,0.0
-0.0,0.0
-0.0,0.0
-0.0,0.0
-0.0,0.0
-0.0,0.0
-0.0,0.0
-0.0,0.0
-0.0,0.0
-0.0,0.0
-0.0,0.0
-0.0,0.0
-0.0,0.0
-0.0,0.0
-0.0,0.0
-0.0,0.0
-0.0,0.0
-0.0,0.0
-0.0,0.0
-0.0,0.0
-0.0,0.0
-0.0,0.0
-0.0,0.0
-0.0,0.0
-0.0,0.0
-0.0,0.0
-0.0,0.0
-0.0,0.0
-0.0,0.0
-0.0,0.0
-0.0,0.0
-0.0,0.0
-0.0,0.0
-0.0,0.0
-0.0,0.0
-0.0,0.0
-0.0,0.0
-0.0,0.0
-0.0,0.0
-0.0,0.0
-0.0,0.0
-0.0,0.0
-0.0,0.0
-0.0,0.0
-0.0,0.0
-0.0,0.0
-0.0,0.0
-0.0,0.0
-0.0,0.0
-0.0,0.0
-0.0,0.0
-0.0,0.0
-0.0,0.0
-0.0,0.0
-0.0,0.0
-0.0,0.0
-0.0,0.0
-0.0,0.0
-0.0,0.0
-0.0,0.0
-0.0,0.0
-6986.5739742717,20401.887390681026
-0.0,0.0
-0.0,0.0
-0.0,0.0
-0.0,0.0
-0.0,0.0
-0.0,0.0
-0.0,0.0
-0.0,0.0
-0.0,0.0
-0.0,0.0
-0.0,0.0
-0.0,0.0
-0.0,0.0
-0.0,0.0
-0.0,0.0
-0.0,0.0
-0.0,0.0
-0.0,0.0
-0.0,0.0
-0.0,0.0
-0.0,0.0
-0.0,0.0
-4692.144246898704,17375.608949510097
-0.0,0.0
-0.0,0.0
-0.0,0.0
-0.0,0.0
-0.0,0.0
-0.0,0.0
-0.0,0.0
-0.0,0.0
-0.0,0.0
-0.0,0.0
-0.0,0.0
-0.0,0.0
-4665.580539744676,20207.38674908648
-0.0,0.0
-0.0,0.0
-448.16610332158155,2019.8782497550562
-442.45889329064624,2024.207036779592
-437.0653084394796,2027.4244538721296
-431.2410349860492,2028.6712818355174
-425.82343936763726,2031.8588529927752
-420.18878294245246,2034.0527000767065
-414.3455437155634,2035.2510337555548
-408.69556450819493,2037.4130498137406
-402.4550006557312,2036.6163046698796
-396.0313444058566,2034.818953678211
-390.18600422909003,2035.9479075123058
-384.3374459644169,2037.0600697155567
-378.1205603780618,2036.1890486443983
-372.60853608195004,2036.1883210643523
-366.7593598699044,2037.2500023187674
-361.08151006737097,2039.279564720705
-354.8804583913193,2038.3377689313336
-348.85648968805566,2038.3628601410808
-343.0011664612906,2039.356319971131
-336.97998577015335,2039.3463387052107
-330.80149825045066,2038.331515910809
-324.4742624882062,2036.310500140569
-318.4704116145606,2036.2459568839056
-312.4696088586906,2036.16373200676
-306.4719062381162,2036.063842487945
-300.0739211731112,2037.0166032292896
-294.04745100656584,2036.8849001739252
-288.16426648886284,2037.72553488416
-282.14151732955935,2037.5586284077754
-276.12213626324257,2037.3739386439158
-270.2376142773461,2038.1628079792076
-264.22226348036344,2037.9429814107443
-258.3361478731014,2038.6974848422428
-252.32503232856286,2038.442561874234
-246.31754435659235,2038.169930928758
-240.19662412114042,2036.8864921150634
-234.08517230122763,2035.5847150410382
