-2795.0934308514225,5162.953971595256
-2778.2784249489946,5167.480816941939
-2761.460598464619,5171.953631184973
-2744.640123147413,5176.372435828913
-2728.7489612632503,5182.506932595917
-2711.455250487879,5185.9342865680155
-2694.1645194622033,5189.305015324402
-2678.251588160276,5195.28569286781
-2665.060452615823,5206.558727595719
-6743.513763248064,13268.702955635263
-6704.26832311118,13286.335471142072
-6664.0814584658065,13302.063836673324
-6621.81387117154,13322.038509761192
-6583.31591040947,13341.104925145799
-6546.522751330421,13363.652227827286
-5639.805258367065,11597.388182159602
-5607.1611658540705,11615.427140666761
-5572.73139847865,11629.767012301243
-5534.399872836974,11635.877407722293
-5489.675870249805,11628.299094863232
-5448.436279473963,11627.803881581076
-5404.715290641841,11621.727136149011
-5362.332105858984,11618.218899059957
-5316.682809971311,11607.289644794584
-5272.33321440732,11606.636311880258
-5229.667875438498,11599.601282484091
-5190.760293638241,11600.633110912035
-5148.235976158302,11593.31235384389
-5104.584683200643,11583.098860496417
-5065.43975031252,11582.809854951165
-5029.12387673956,11588.813659404834
-2749.923905329546,6386.088592784875
-2734.6273306183452,6400.2666634004545
-2720.8338136930606,6418.0919562019735
-218.66603025469183,519.8857251479927
-213.34585933667847,511.27247559779136
-209.8276011180269,507.3197983610084
-204.94596139245655,499.5969904922584
-201.6181278023094,495.55537585772555
-199.06372093780493,493.35345849238325
-196.89522219158007,492.06937669207616
-194.73580576940435,490.77690038482945
-193.31776629178458,491.33719708155104
-191.53467134609724,490.96178025620543
-189.7553596993561,490.5801702732877
-187.9798522281998,490.1923858611679
-186.56352883517152,490.73317567550714
-184.7929913161485,490.3341211464177
-182.90193496827985,489.97538936650596
-181.147017019396,489.5607809301871
-179.39599182130704,489.14014159384783
-177.99051197833475,489.6533239402039
-176.2446321605352,489.2216569558196
-174.50270249884696,488.78400835194975
-173.0982655981461,489.2831393446066
-171.6924010567061,489.7782349384088
-170.28512046949865,490.2692910500191
-168.22565919869203,488.86514253643156
-167.14368638672647,490.29275754497496
-165.41499528762697,489.82331440428027
-163.49713511559716,488.35815423620414
-162.086210554812,488.828252403624
-161.92188725202413,493.0946181299719
-159.56956165590088,490.70719883953575
-157.23238246518505,488.3103295081129
-155.82162212970468,488.7623370073307
-154.7105557031375,490.163894992304
-152.99621506349212,489.6541209632016
-150.695149835857,487.2278438430511
-148.99482200360444,486.7047801451248
-147.5887323955917,487.13300654940474
-145.8942187072769,486.5992981373825
-144.16545944036673,486.0713119536556
-142.76121924867385,486.4855951399096
-141.07698031553284,485.9354747546744
-139.67314526133535,486.34083983643194
-137.99488827400185,485.7802083352571
-136.5915144368681,486.1766738376522
-134.91930453588427,485.6055819938166
-133.25153420786563,485.0288946354124
-131.85034973357503,485.4116657798141
-130.4480657646222,485.79038909623233
-128.78814390713217,485.198530489279
-127.38648818157256,485.5684118934901
-125.86361318084606,484.93231576897654
-124.40113759113319,485.3095475735378
-122.6921471290076,484.712942918666
-121.23034728417088,485.080614843924
-119.76744567784682,485.4438782761649
-118.30345560512768,485.8027299139905
-116.83839037099872,486.1571664960974
-115.14151876363515,485.5341704317045
-113.67727751180892,485.8790760852984
-111.98712938825392,485.2451780815328
-110.52377368248247,485.58057565246924
-109.0594135183398,485.9115601866617
-107.61720696307543,486.23300665983857
-105.99937381098985,485.5647564966779
-104.59675554363385,485.8688287282333
-102.98563272417974,485.1906423792614
-101.58410736033454,485.48601332253025
-100.18173489078251,485.77733581783434
-98.57937675378105,485.0846384692429
-97.17817587161342,485.3672858096905
-95.77616462462059,485.64588569223724
-94.18270146228996,484.9387783476025
-92.59412242299317,484.22652601103516
-91.19542448693107,484.4918931753641
-89.82873766586499,483.7300878479208
-88.43148483570477,483.9874714181685
-87.38728927242887,486.2092776507014
-85.80883298154156,485.47486462467435
-84.06413836547702,483.75016345306796
-82.83521585779138,484.9766252241371
-81.59990959085856,486.2000151735536
-80.19555860575092,486.43362587295667
-78.47090179863204,484.6888874019183
-76.91396031168404,483.92586488962615
-75.51619597964226,484.1459533495703
-73.96654110089004,483.37351064944625
-72.44761591887858,483.60349765864044
-71.0508011162956,483.8106898991925
-69.65339382399497,484.01384766223316
-68.11582408815994,483.2227586825675
-66.72012681542803,483.41744349757715
-65.32387316629354,483.60809711434115
-63.92707478405794,483.79471794300673
-62.40160859665515,482.985547655983
-60.88134988161616,482.17160973723065
-59.48871819940663,482.3454077805568
-58.095590443215386,482.51518356529897
-56.701978230275955,482.6809356757042
-55.18531403026738,482.85668796795267
-53.79072778169592,483.01403458358794
-52.395692974450405,483.16735336498795
-51.000221241668484,483.3166430336337
-49.60432422013217,483.4619023446046
-48.20801355016993,483.6031300865893
-46.81130087555834,483.7403250818955
-45.414197843428006,483.8734861864597
-44.01671610416342,484.0026122898568
-42.53117416869124,483.1315547796816
-41.13584694220138,483.25235860401943
-39.82211519419969,484.3657699935658
-38.55896562521485,483.4647931027796
-37.16269266094128,483.57412490143474
-35.692365242211366,482.68214703199516
-34.29836429488958,482.7832041472601
-32.904077334913865,482.88023535317535
-31.574618294949218,483.9711184353135
-30.11469188689634,483.0622168339781
-28.66027860847623,482.14892764589297
-27.26784677095045,482.22968026913895
-25.875187547967748,482.3064115988481
-24.482312552857156,482.37912099516103
-23.04142960488455,481.44895110672235
-21.612842484827773,481.51519710153076
-20.22227006943648,481.5756013267686
-18.83152902136443,481.63198971280707
-17.440630937943364,481.6843617894258
-16.049587417815808,481.7327171198961
-14.688821699967882,482.77659276011565
-13.267110467977727,481.81737596295807
-11.851061858984364,480.8539823406005
-10.484190983500334,481.88596341813223
-9.111458602057734,482.9140516925791
-7.71689880696047,482.93834955696275
-6.309185065388173,481.95870589067135
-5.047399944030705,481.97357163417684
-264.8535045198489,405.1032228254354
-441.302290874465,198.76691895018425
-478.89494574537537,-70.11156066964988
-365.8029091284321,-316.9293796308195
-137.61068405244305,-464.02510668563906
133.8808567839175,-465.1149494337977
363.2466751004574,-319.85598795155096
478.31662611293183,-73.95407482986843
442.8838543890927,195.21754921487207
268.09731091119767,402.9638096432291
8.953726411499217,483.917173474292
10.473950363055305,483.8866565258772
11.846709760716879,482.85469394823673
13.241010762463459,482.8184706843643
14.604900724055224,481.77868038637877
15.996082996935993,481.7344967186335
17.387131879136348,481.6862958866668
18.739077190319417,480.6348374660905
20.126939124821973,480.57872021289677
21.514633221604186,480.51859543345444
22.854534295625978,479.45559780039076
24.238973753819778,479.38760116565555
25.62321108420503,479.3156069373647
26.794322396718623,479.2515668073509
28.178156243143697,479.1721940083095
29.561755113078895,479.08882541198386
30.945107468749967,479.0014617135813
32.32820177443832,478.9101036416242
33.711026496577226,478.8147519579436
35.09357010384803,478.71540745767345
36.47582106727622,478.61207096924335
38.015508559745754,480.4985131183487
39.48464520249863,481.3833844174857
40.62070284194252,478.27811835858284
42.17667494046468,480.15115129609586
43.77553623552782,481.0121645315137
44.97736731659106,478.89251030817803
46.360088493627465,478.76063141706106
47.742423075786256,478.62476016066347
49.124359535836014,478.48489767201005
50.61088819258846,479.3355171446795
51.9948651616142,479.18736836108855
53.48915213378898,480.0290726654047
54.87511989788096,479.8726093623111
56.26063006059748,479.7121444211983
57.64567106822609,479.54767918017694
59.030231370966604,479.3792150107159
60.20139837888751,479.23354602242364
61.585040896166646,479.057702931304
62.96816985831418,478.8778649976364
64.48400514706746,479.6851186770265
65.86893382465087,479.49690672287323
67.2533132238951,479.3046962636697
68.77894405630332,480.0983824743631
70.30971841993085,480.88724613542206
71.40304033224191,478.7040900507455
72.78510722254678,478.49590193292397
74.16656716082605,478.2837236573901
75.85958800163422,480.0430427661902
77.283568379355,479.81585015352874
78.50695120317599,478.6038639760257
80.05341801588315,479.36150269287816
81.60491382209445,480.1141927084519
83.1614229130345,480.86191129998997
84.5496719661215,480.61975923844545
85.93721596295968,480.37359930842956
87.32404333287661,480.1234335626599
88.89192559009199,480.8526027431749
90.46474579963929,481.57671223534743
92.04248779039884,482.2957396052284
93.81543029332828,483.99138942637984
95.46792282130409,485.706573676109
97.25377173796441,487.3917355503065
99.44707821427556,491.0308326720877
103.47388165992682,503.477065827459
105.53173844531703,506.11466307617405
108.43332851982707,512.6579885909429
107.8077345439867,502.5669033795334
2002.8566287558433,9207.68669778945
2028.860809434389,9199.943739824785
2055.055197778576,9193.103291820627
2081.4479920468975,9187.163558814218
2108.2711403573717,9183.09734233152
2138.697989221158,9183.246262128734
0.0,0.0
0.0,0.0
0.0,0.0
0.0,0.0
0.0,0.0
4103.4978870775685,16333.419301871543
4171.349872475316,16402.91026743121
4218.45027579759,16389.827737673855
4265.509908481187,16376.609973393419
1462.8243064813141,5550.4725067662
1477.8158769765212,5542.360168173494
1494.1777015543023,5533.828421281049
1510.4140317092754,5527.345606420476
1526.8913164281755,5521.779052788715
1543.3487362394676,5516.163402071048
1560.3308580830785,5512.423116317698
1579.231380651271,5515.360119372649
1597.6076475711989,5516.312065539985
2120.004082588899,7237.9103814434175
2143.916992169761,7238.1641961678215
2167.5639876017776,7237.3815264674195
2187.168624252299,7223.122760211563
0.0,0.0
0.0,0.0
1314.0283917283373,4209.682812960122
1324.9764252463835,4202.0558626155025
1336.801798593087,4197.2593381012675
1349.2229693418794,4194.333484476441
1361.9473586892448,4192.321957121064
1376.229960859898,4195.022776437759
1765.3751143737666,5329.206949026263
1784.2462174530506,5334.518763253578
1802.8427543160851,5338.818502553724
1820.8336337457458,5341.162221672383
1838.2022552517253,5341.555341732169
1855.0274762931356,5338.911599024423
1871.4298382777338,5336.363495902783
1887.8329445517163,5333.765159197131
1904.2366417042615,5331.116563384342
1921.3189685478887,5330.299186827891
1937.7288170941677,5327.548031825038
1953.7942659806808,5323.807750681932
1970.5487324875553,5321.89465255483
1986.9584911751722,5318.992381489833
2002.6626244599975,5314.168176920165
2018.7108063122312,5310.232356543188
2034.3949091982784,5305.314444349941
2046.991829361506,5299.39481927203
1633.9291375900384,4193.957149677888
1645.6676057503096,4188.290597771846
1657.3869753686388,4182.591231985071
1669.0871548392636,4176.859115358162
1680.0205464001974,4169.239254788958
1681.8895360835654,4139.356422007244
2180.2260284971626,5321.711704392064
2195.5845650739666,5315.393627720242
2212.078118161583,5311.800673891172
2230.1176435980915,5311.844905088296
2248.1758483217773,5311.829191062402
2267.6009373383235,5311.177928575012
1791.5554679730626,4162.853949537002
1796.0078648519248,4140.232451130012
1802.347668912914,4122.201339134733
1811.421143387916,4110.573857904419
1822.0661002954275,4102.58407910846
1834.3141610776956,4098.218095522715
1847.37453162353,4095.6386974327634
1860.4352909816948,4093.0180219576187
1873.9127346531463,4091.265215419891
1886.9765065432998,4088.5607080919863
1900.0402746979555,4085.814845844794
1914.25695464356,4090.2171472427676
1928.6193674606982,4090.099184060882
1942.9970405589845,4089.9323344499267
1957.8215249114442,4090.6185200521236
1972.6661496635788,4091.2531407835754
1987.5307404741327,4091.836086119573
2002.4151225316818,4092.367246112747
2016.4349131839283,4091.0525834915547
2029.574406646548,4087.8996719446664
2043.1597711422255,4085.5993623440427
2053.149899472166,4076.1098476730767
0.0,0.0
2191.0418994402344,4285.359307560724
2204.3232994869504,4280.79242563091
2215.755111866645,4272.633647323022
2219.751306580754,4250.2622433131155
2219.447449799166,4219.938034803352
2219.923156414874,4191.418635690429
2828.257538179814,5302.929312910842
2843.0859965076293,5293.8589909877865
2856.458618248951,5282.10840121928
2869.308881201192,5269.446512135782
2884.5136172860116,5261.1387732782305
2305.256968126361,4175.965793790086
2313.2642425190247,4161.241346555483
2322.829109311814,4150.180830871552
2336.767665473559,4146.940664827175
2351.69372449825,4145.394146056024
2364.1506083556046,4139.454179117318
2374.599006901744,4130.009147256365
2385.513531031728,4121.403789155406
2396.9016104194243,4113.633876509766
2409.7825258948146,4108.420277660503
2423.161736460065,4104.0276800913325
2436.024748946611,4098.732416555099
2448.3639855709293,4092.538917855178
2459.535411009382,4099.834943261852
2473.945651359583,4098.165676753321
2486.807897879612,4093.8840334141837
2501.229919957024,4092.122296255548
2513.5656338440167,4086.904917459951
2530.10141521152,4088.4533541113883
2552.4791679682644,4099.27933874822
2566.4412631473915,4096.453983973752
2578.2741839741107,4090.198923310776
2590.0921242721797,4083.909742854662
2599.205410683656,4073.371482331658
2608.8205075865962,4063.6555660138833
0.0,0.0
0.0,0.0
0.0,0.0
0.0,0.0
229.8589123130263,346.7288283807282
230.30426055795198,345.2317302463013
231.30023376738015,344.5652359991578
232.29427817364007,343.8958684366352
233.8485213560807,344.05067803969615
236.5346346398253,345.8502083500954
238.0992708909448,345.989504466827
236.82028174723118,342.01192106878676
235.37011992719522,338.14923723920737
234.62465648920636,335.0108514172667
233.28702721776185,331.06217381618706
232.50694379649357,327.93981320726243
231.71078719294476,324.8247390492693
230.89859304340172,321.7170180928848
229.48497637740525,317.8059873839097
227.4629571699849,313.09679512170936
225.41567845335388,308.401964824179
223.3432064100242,303.7216030355584
221.24560762700483,299.0558160373368
219.72001435122473,295.2069025166885
218.24801851421526,291.3139241687886
217.28266917547452,288.2867351717406
216.3016714914849,285.26757072963926
215.9115569527504,283.0515846524079
217.33681776699152,283.2202458210174
216.93162309166158,281.00831109206945
214.67540119554687,276.4316771311331
214.85712763431698,275.0225712641252
215.6504206774371,274.40097678697214
215.20156060437532,272.20817091601305
213.49696448521297,268.4549238803411
213.02190233433336,266.2755511230082
212.41869205255207,264.1955701117697
212.55187817653587,262.80353704550294
212.04770691882499,260.6372383034859
212.79947082514101,260.02381663328447
212.91389633573377,258.63617834157776
211.74650608157478,255.7096344728638
211.20401734342207,253.56037359571678
211.93534874556332,252.9494177737843
211.37603456795804,250.80704138904358
209.51283616902012,247.14443445162453
208.92795799018756,245.01654713518926
209.63462668183195,244.4121995645245
210.35888845965417,243.78912618494448
211.06200673388585,243.18065160177756
211.763364970695,242.5701491451251
209.82366592618604,238.95193913692407
207.20286800961242,234.59746692705602
205.88700162648843,231.75535066369955
204.55646522804253,228.92280911566814
203.2113031935004,226.09990326048188
201.85156013178855,223.28669389903857
195.76808300784268,215.30410510585816
194.36437635953158,212.52409087529432
198.36229873728,215.6418290584229
202.43534370044952,218.68683458516855
203.733547116522,218.8461600744228
205.0342597629108,218.99989114945976
205.65195386518698,218.41994842832236
205.58044757175148,217.11213594868053
204.81359188421297,215.08229257539324
204.03692140202958,213.05852413077025
205.3315271302877,213.20169785051883
207.3242826012618,214.05756665876615
207.92800917930592,213.4711760372591
207.1305465124653,211.45433715449641
207.02514153502693,210.15611048076155
206.9803289900547,208.79450043324593
194.79263392997254,195.52961352854894
192.44592338815846,192.22009929057634
189.37477142731166,188.21847929162925
189.12905664084136,187.0459834750413
196.71895013977274,193.59146328261897
196.48303973152574,192.40430114178756
194.0938219129541,189.12585305880964
195.27928864699237,189.34096077057558
195.7473456212175,188.8570270925803
196.2142033330321,188.3719363662845
196.67985892219335,187.88569156363698
196.54389346475602,186.57839623524112
196.35462128627103,185.32367010051652
199.07662111112023,186.80872283429238
201.077625561249,187.59741069281887
200.15219996534105,185.65585595136537
200.68748803979653,185.07709783837797
201.22110258951557,184.49679637505812
199.53597280026094,181.8939129235872
197.83750666299332,179.3023172113793
196.8686559543009,177.39146626246458
195.14560084212152,174.8204635389329
188.18207742917053,167.60520795739515
199.06833270083956,176.4307198752753
195.8255385619379,172.5495825753484
192.56202043333195,168.6886726684191
190.78605835982464,166.16160788678468
188.99712599421954,163.64622319480853
201.5949126497665,173.5381548643785
196.01715095749006,167.75361853178774
189.64608191825306,161.35477561279447
187.8207421639945,158.86903037712003
188.278728733498,158.3259937802314
190.26957732963925,159.06441444521911
191.49718289530477,159.1534760637109
191.22516325741532,157.9143341725977
190.134569228557,156.09242641547687
188.26032652662875,153.64585726952458
189.47978468304203,153.731620678597
192.25804689981896,155.0672222046523
192.70503640081574,154.51138775430206
193.15041894241307,153.95426483982288
193.5941908105842,153.3958581070399
194.0363483047337,152.836172212484
194.47688773772845,152.2752118233528
194.91580543592806,151.71298161747217
195.35309773921585,151.1494862832566
195.72184206178724,150.67169787302728
195.3619697173099,149.49816315986257
195.79286437908274,148.9333886616232
196.22212633218524,148.3673722139606
195.8503627612593,147.1993050468756
196.27461692223585,146.6331297900634
196.69723435722733,146.06573176559243
197.92277567078727,146.09098148335926
198.34382065991463,145.51882629415212
198.76321166805178,144.94545762941743
200.8003024759461,145.54462726452175
202.03112773879585,145.54869777703388
198.39658569547476,142.03800471837863
195.54681131468124,139.14540806171237
195.13136011572678,138.00272569549685
194.7109468826408,136.86360788779987
194.285588751781,135.72807374811532
193.0338821533155,134.02581967971656
193.4201066865677,133.467832564093
192.98001736855323,132.3431633913626
192.5350523849259,131.22215362938468
192.0852292141156,130.1048220388494
191.63056540218795,128.99118730997776
191.17107856258326,127.88126806228745
190.73896412261277,126.7266647767258
190.26163115764186,125.63642668125138
189.77966804304702,124.5499000299514
190.13067200080388,124.01341687302522
189.64103974783794,122.93199763836489
189.98747488744021,122.39591245582623
190.3323946034247,121.85885098968492
189.83209793153117,120.78399974712526
190.17246581255807,120.24738353399391
189.66459983086764,119.1777645829827
190.00043196011976,118.64162783343752
191.18445726134215,118.63179717801647
190.7048450586392,117.50600865981457
191.0433746716769,116.95481603618246
191.3803111818442,116.40264813113352
191.71565177944137,115.8495095491732
192.04939366807696,115.29540490290152
193.2403801989083,115.25257246838946
193.57239194154064,114.69406731836906
190.45562878985243,112.10554608163652
189.91531298168826,111.05032145413804
191.09990912418374,111.00371495012548
192.28581257863908,110.95118873167822
192.60540709843517,110.39545804264804
192.9512736191148,109.78982652669364
194.1415678585648,109.71805516604037
193.58903482234874,108.66133441363331
193.90544177078235,108.09569673061799
193.3453302688335,107.04477223683415
191.028190465042,105.03442505984233
191.33401972566173,104.47627910497239
190.75914380515275,103.44055807431172
190.17985867960118,102.40908823247534
189.5961842833462,101.38188647483058
189.89135622206783,100.82793676429044
189.30032869602798,99.80674103273672
188.67517417314602,98.84674324798473
187.18401367613134,97.38144086063768
187.46290724468918,96.84347374691315
188.63001893934418,96.76112832611378
188.01605375181285,95.76514779185285
187.39793102812797,94.77349548463953
187.66933407095178,94.2349247856945
187.93918929707223,93.69557687724244
188.20749448083845,93.15545620759508
188.47424740938357,92.61456723143755
187.8406866165353,91.63447196022128
188.10307300997607,91.09464267564593
188.3883265487414,90.50325088174888
188.64888934744502,89.95886030834012
188.9078790107932,89.41371957168272
188.26019628157422,88.44262827405767
188.51480910810778,87.8986162970367
188.76784991737554,87.35387133705743
189.01931659928061,86.80839793672573
189.2692070568525,86.26220064472204
189.51751920626512,85.7152840157631
189.7642509768535,85.16765261056429
189.09589357886648,84.2124873852447
189.3382874476705,83.66607978376479
189.54215682128913,83.20318976778377
189.78163425790083,82.65549769011352
190.01952911324372,82.10711635163615
190.2558394035224,81.55805032528114
190.490563158155,81.00830418968764
190.72369841978977,80.45788252916601
190.03275414652268,79.52076679388391
190.2615957216754,78.97167336103337
189.56414755437856,78.04123244786561
189.78871859865703,77.49349838973446
190.0117070025907,76.94511811649669
190.23311090668838,76.39609620107302
189.54304459294747,75.42833848386118
188.82987398875898,74.51361412110815
189.04426131152562,73.96801514965519
189.25707220194627,73.4217993619558
189.46830488539962,72.87497131288124
189.67795760042495,72.32753556240806
188.95062944307807,71.42590309589788
187.2832671381674,70.1781864260814
187.4851413970865,69.63707170261024
187.68545222509667,69.09537627845263
187.88419795181412,68.55310467078452
188.0813769199063,68.01026140158662
188.24699570288155,67.55048933086495
187.49907149393596,66.67156956988408
186.74764877313467,65.7975354987247
187.88100079288697,65.58757154418207
188.0696161373764,65.04474987222176
187.31064979424676,64.17725822795057
187.49519492321298,63.63608945171265
188.62604611590615,63.413048552171354
187.8595931110345,62.55216444022183
188.0394431311883,62.009417243775225
189.16831966933637,61.77658806926594
189.34592458339262,61.230064867352496
189.5373498050227,60.63491592216864
188.75738282539675,59.788380383705125
188.92830804930003,59.24604980611614
188.14263631002402,58.40674962976485
188.30959622443584,57.86619021319743
188.47500304153488,57.32515354094935
189.59641303872596,57.071885923358366
188.80115193979543,56.24166628227044
188.9618913310198,55.69922463198087
189.12107224507932,55.15632359821938
189.2786933691176,54.61296765860242
188.47315567013194,53.79469854681047
187.65103083512435,53.02914883830599
186.8535379587457,52.170445199361545
187.01651389202485,51.583171012201994
187.17764404781352,50.995387719969514
187.3369268358221,50.40710112384796
186.52789490727218,49.56152158138022
185.71540853296833,48.7215253602827
185.86755499928023,48.13784372600769
186.01786702786205,47.55368699064914
186.16634313519475,46.9690609195982
185.34260174204638,46.14238809911321
185.48664746274048,45.55989039750894
185.6052871882765,45.07413191352007
184.7622420458831,44.304784326057884
184.88941160903195,43.7710575022578
185.01503938695615,43.23696567340341
184.16470788819788,42.47776322330008
184.2866040126841,41.94576953009878
184.4069633787335,41.41342605284479
184.52578498267425,40.88073723072856
184.64306783365785,40.34770750582025
183.78125110735178,39.60368343243488
183.89484928558136,39.072809039449965
184.00691397220072,38.54160881991214
184.12045911317614,37.99548046746132
183.24946815312717,37.26435859633212
183.3563132274938,36.73502959875195
183.46162930108034,36.2053942692657
183.56541549566037,35.67545702448073
183.66767094576505,35.14522228352199
182.78567610992735,34.42958914998459
182.88433709036258,33.90161127466708
182.98147300580735,33.3733506952028
182.0927976535275,32.66822680696772
182.18637519711842,32.142257116369194
182.27843349599453,31.616019392806184
181.36943831234905,31.00204583996051
181.45820740359255,30.47817195756304
180.5588031955311,29.79125020198826
180.64407922481317,29.26972225729897
179.7402649969139,28.590857609368268
179.82207803829507,28.071698380919493
179.9023915507385,27.552305063728603
179.98120486451316,27.032681988995176
180.058517322398,26.512833489834733
181.1240773361694,26.135581285315396
180.20863710419752,25.472477560057744
180.2814431762695,24.9519788049267
180.35894234810021,24.385485746129177
179.43724287992418,23.733433541127194
179.50503029164986,23.215169609414133
179.57132081828598,22.696712087353266
179.63611390703858,22.178065298340695
179.69940901760071,21.65923356735062
179.76120562215704,21.14022122089969
178.82801423740264,20.50710423017628
178.88648744533444,19.990613033876627
178.94346892618015,19.473955136674398
178.99895820477346,18.957134846958493
179.05295481839158,18.440156474472165
179.09747805816883,18.002592957786273
178.1534471543622,17.388193322420797
178.20291662547442,16.873663092945073
178.25090006976956,16.35899215468444
178.29739708711566,15.844184799458796
177.34608099206775,15.243607078213142
177.38936085938207,14.731417240032565
177.4311614840875,14.219104557167476
176.47445171694963,13.629669519178108
176.5130746145932,13.120003433805078
176.55022557694292,12.610227941261133
176.5859042941985,12.100347292543368
176.62304717803516,11.545527512658648
176.6556510322077,11.035441014606569
175.6885513567116,10.465797732619867
175.71804114719305,9.958414301151144
175.74606563213217,9.450947826873804
174.77391648364173,8.892587754362076
174.79886709371746,8.387852094123764
174.82236006320565,7.883046487930701
174.84439519619937,7.378175145336029
173.86574389575455,6.833966606290242
173.88475356569083,6.3318620799075065
173.90231321779478,5.829704752386435
173.91603871780254,5.40476426015123
173.93092103816764,4.902520455305708
173.94435295571176,4.400235768543145
173.9563343584267,3.8979143883948377
173.9668651464,3.395560503698224
172.97608347761005,2.8765508420470347
172.98366893815728,2.37703190849478
171.98987078576042,1.8666405913930104
171.99454401767966,1.3699737772870941
170.99779588371544,0.8682182393805435
169.99959248247512,0.3722308321289118
168.99995881572653,-0.11798424785078321
167.9987615489397,-0.6450721064327462
167.9962874261845,-1.11687556101839
166.99253301767345,-1.5792138364518724
165.98751464196383,-2.035923128175495
165.98114239888884,-2.5020727327121586
164.9736209243615,-2.9503218646561042
162.9651127559248,-3.3722432368845205
161.95527560065025,-3.8064031732625394
161.94394706085257,-4.261221697093239
160.93176507744772,-4.686895460448386
159.9184773251105,-5.106917858955903
157.9047106595777,-5.486560991645954
156.88741204111034,-5.9447407885347925
155.87082491338464,-6.347120671689598
153.8541712505448,-6.700297665629178
152.8357080916695,-7.088464722208138
150.8174961772443,-7.421781917228564
150.7959336695257,-7.847699582425203
149.77467054352715,-8.218762898265009
148.75252224082183,-8.58412063019875
148.7276852262314,-9.004201644067821
147.7036641634094,-9.360961099308893
147.67663733530048,-9.778076770926448
146.65080802899897,-10.12622853987073
145.62086869377268,-10.514875218994167
145.58989748808474,-10.935344046209881
144.56074158260532,-11.277942768395732
143.53082939888736,-11.614689495095824
143.49669094907068,-12.02911828302039
143.4613558862302,-12.443446760620738
142.42881877929423,-12.768382087600607
142.39135338015333,-13.179623764292135
141.3572271546865,-13.495715288133416
140.3224710568376,-13.80594496957661
139.28711031549625,-14.110311830670982
139.24578289484185,-14.51247552978369
139.20211065557984,-14.925561598536381
139.15842937417725,-15.327476443045812
138.11991917307677,-15.616911590411998
138.07424597687603,-16.015698483585794
138.02742138519787,-16.414351822506433
136.98678790514003,-16.691912395893294
136.93801512942125,-17.08742263813932
135.8961576764451,-17.356103502191086
134.85389866414496,-17.61891072343917
134.802457867474,-18.008257908190224
134.74989295863253,-18.397454922816813
133.7057911084869,-18.648362503278065
133.6565116631274,-18.998339139100832
132.61175999785365,-19.23853191570655
132.55596284182974,-19.61929445916576
132.49907242070512,-19.99989519104393
131.4527228663468,-20.22823895012686
130.4061627187149,-20.450738983715183
129.35941690900447,-20.667395988908886
129.29952967308392,-21.038812379012406
128.2520220142418,-21.246619713696614
128.19047589785055,-21.614853436528303
127.14227350164226,-21.813809590110527
126.09399374781106,-22.00692483576443
125.03967048520909,-22.22792848986004
124.97496104414495,-22.58891568921474
124.9092094420035,-22.949714520527387
123.85940507569025,-23.126776132787686
123.79210493309566,-23.484351305357254
122.74183779088527,-23.652510558416598
122.67302413279936,-24.006856314678636
121.62236200931852,-24.1661138637199
120.5718112469844,-24.31950518866632
119.5213969596969,-24.46703228433225
119.45024461640368,-24.812074904798312
119.37809618241697,-25.1569106183888
118.33826772879156,-25.23993642917608
118.26488838579013,-25.581559278054225
117.21374165626335,-25.708729391760134
117.13901325793299,-26.047102966698667
116.08778047515455,-26.165382174780635
115.03684952961365,-26.277809084872914
113.98624544942047,-26.384386450029012
113.90957939793456,-26.713437094197452
113.83196345913528,-27.042264976108967
113.75339828025879,-27.3708673536813
113.67388451645687,-27.699241486712776
113.59342283079152,-28.027384636904852
113.50481178934238,-28.38411000306267
112.45295110605852,-28.466362386831435
112.37027927871503,-28.790976621566468
112.28667040021877,-29.115350769527645
111.23486546805852,-29.18569348675693
110.18359869527502,-29.250206470358243
110.09867280570079,-29.568264176702073
110.01282880780704,-29.886075314502925
108.96180366816755,-29.938693047287646
108.87489471461726,-30.253219677928584
107.8243603546166,-30.29698523150092
107.73642149518692,-30.608225747524585
107.62892248151564,-30.984109563902223
106.58079879035127,-31.008600890892485
105.53340291409316,-31.02742124914146
105.44535263351082,-31.325350883821734
104.39867526285653,-31.335548556880724
104.30975927732501,-31.63027220095506
104.22001127129917,-31.924743548073707
103.17411607110134,-31.92337345812481
102.12906753451813,-31.91635261946198
101.0848892306658,-31.90368582505828
100.04160470828013,-31.885377955925527
98.9992374954071,-31.861433981037017
97.94770488080113,-31.86294256002553
96.90523383941614,-31.833561763146733
95.86375718954652,-31.79842853827321
94.82329945335283,-31.757548406320296
92.83657315833268,-31.390614588082588
90.85277259624631,-31.012476708169473
89.8173921257179,-30.94892682687122
87.8386426517365,-30.551151485672943
86.80650420200179,-30.473444640011508
84.83296637961824,-30.05607784183693
82.86257863257269,-29.627572670752308
79.95474476052033,-28.84854918847822
78.00439194016454,-28.360444954993113
76.98155576076358,-28.24606295844515
75.9600822655403,-28.125893802906084
74.00324673648633,-27.649945252363974
72.98561129509207,-27.515460088498045
71.03475449703743,-27.019690108245534
69.08747587235803,-26.512651274181305
67.14382492468295,-25.994360436131615
66.13533467619853,-25.828617989881167
64.19800966922627,-25.29062186878628
63.19377251737964,-25.11069722293018
61.26293824047958,-24.55305272554077
60.27544642898724,-24.328389954665916
59.278711602269176,-24.125388095842055
57.35852210658681,-23.537203354438528
57.29031403811067,-23.702740715256102
56.29869874050488,-23.483111380859935
54.38702338228931,-22.870323294923402
54.320753468013635,-23.027282572359354
53.334470734943785,-22.791099829175085
53.26843398465469,-22.945019956898822
53.201953031078105,-23.098748747041668
53.13502842859599,-23.25228491766555
52.15270106744002,-23.002081892086224
51.16649327191078,-22.759392923703132
51.10092057299251,-22.906241869689392
51.03492641545495,-23.05290189475283
50.9685113435898,-23.199371789304067
49.99271740685386,-22.928763732012488
49.926663139764536,-23.072241064284952
49.86019709883091,-23.21552810654398
49.79331983223656,-23.358623677019096
48.82192222080111,-23.07422611196412
47.85257623787161,-22.784445294952558
47.78694525803839,-22.921777045099308
47.72092015184224,-23.05891974619576
46.76113595856353,-22.746343966992523
46.69525585817229,-22.881282314149857
46.62898636795653,-23.016029855231853
45.6668986551399,-22.705381899919267
44.707001376700156,-22.38937310207077
43.74931746032734,-22.068013543486362
43.685408747723535,-22.194257422683012
43.62113574428688,-22.32031622487677
43.55649898598732,-22.44618889886846
43.49149901182812,-22.571874395011
42.539888682946696,-22.2341599985811
42.47550522816357,-22.356910690259724
42.408984070915,-22.482839457525788
42.34388304465038,-22.605211096138206
42.27842891448078,-22.727394230821872
42.21262222622546,-22.849387842696704
42.14646352864375,-22.971190914462888
42.95661906871007,-23.573902481043195
42.88836507177737,-23.6978509884324
44.56749846850706,-24.79391216124677
45.368179699786765,-25.41118396942292
45.29461008868529,-25.54208873436096
45.22066276768694,-25.672780504868037
46.882735982413685,-26.795691198461245
47.68410560402302,-27.408503657521706
48.465848985684715,-28.054616056841766
49.24409024955151,-28.705741159113547
50.018806123517685,-29.361863598517544
50.78997339667101,-30.022967914006287
52.416861734984465,-31.2005225253604
54.894761552830346,-32.90235787991339
0.0,-0.0
0.0,-0.0
0.0,-0.0
0.0,-0.0
0.0,-0.0
0.0,-0.0
0.0,-0.0
0.0,-0.0
0.0,-0.0
0.0,-0.0
168.92105500181717,-108.93427916442585
173.638787032444,-112.68793918561808
173.3126515440503,-113.18888997940832
176.3277774908506,-115.88578379221968
178.49465786153627,-118.0493842207282
177.32052901432218,-118.01029611894434
176.9790086847541,-118.52185657068378
176.68887711790165,-118.95394362027287
175.51106538844107,-118.9111682148248
175.16126667658045,-119.4258374735378
173.98538347441783,-119.37372548957234
171.98841146138804,-118.747573966748
169.99662862358633,-118.11073726217472
169.64920319108046,-118.60922332024396
168.48244011519796,-118.5312927999553
167.31760330911337,-118.44753953921615
166.15471688849465,-118.35797419567552
164.99380492297888,-118.26260751834451
161.401699978876,-116.40657732245589
158.66780662865133,-115.06748949921912
156.72101449411514,-114.34388315924623
153.97355622249287,-113.0183347258259
150.43058241647643,-111.08393166358356
146.90001571160627,-109.13013050450287
142.58092183284447,-106.55834424997553
136.67925636092394,-102.76079447252651
131.5981898002638,-99.53349406754359
0.0,-0.0
0.0,-0.0
0.0,-0.0
0.0,-0.0
0.0,-0.0
0.0,-0.0
0.0,-0.0
0.0,-0.0
0.0,-0.0
0.0,-0.0
0.0,-0.0
0.0,-0.0
49.55149047265878,-40.504935402219886
47.11708325022357,-38.74248915585447
46.23443531436237,-38.24103805026795
45.355082815059205,-37.734817646824816
44.49557880528737,-37.20407863101116
43.622648599872214,-36.688752079241766
41.22617663254146,-34.876960307092304
38.84055143574166,-33.051649946220635
37.22553586815617,-31.86313668377014
36.375544905978096,-31.318041650032512
35.52901885194006,-30.768308686349464
34.6859773883743,-30.213953276808837
33.8464401370266,-29.654990980451753
33.76066362830577,-29.75260646357545
32.926281022110516,-29.18664108891266
32.09545488692253,-28.616110420557163
32.00539648793962,-28.716799885255007
31.179956963312545,-28.139123720648755
31.09856897653357,-28.229045460514314
30.278423525299267,-27.644476280490533
30.198467702021233,-27.731796704324452
29.383668346301338,-27.140376462285282
28.572542655255074,-26.54448730364987
28.495770407604383,-26.626886203180014
27.69007436733097,-26.024215291372002
27.614808200344594,-26.104068036575853
27.539311754604608,-26.183703101026342
26.740859721260307,-25.571985088527605
26.678295808257175,-25.637248931332856
26.604151311351394,-25.714181554207006
26.529784963518328,-25.790899747575246
25.740192050169018,-25.168283875155563
25.66740570564355,-25.242509469977364
25.594405321674017,-25.316524568547415
24.81226952070186,-24.68504164938859
24.740882514611098,-24.75658967625006
24.66928919531518,-24.82793125892501
23.894704726689927,-24.18766392242752
23.8247578352533,-24.256564350532752
23.75461227013767,-24.325262504142167
22.981661131951913,-23.682129372506406
22.912424265441814,-23.74912238968828
22.842992110847526,-23.81591298740734
22.773365259955984,-23.88250059639128
22.015558115116132,-23.22316087185257
21.94766530397171,-23.287335350031707
21.87958542761503,-23.351311344669618
21.811319066307163,-23.415088310483597
21.74286680189867,-23.478665703887277
21.67422921782463,-23.542042982995277
20.93023793350274,-22.8675564948895
20.86338791880297,-22.9285639443369
20.807300641438292,-22.97947431985339
20.74085553925044,-23.03946421902958
20.674237479918418,-23.099261993058057
20.607447018967527,-23.158867143287612
20.54048471336064,-23.218279172673363
20.473351121493717,-23.27749758578082
20.406046803190982,-23.33652188879009
20.33857231970043,-23.395351589499903
20.270928233689002,-23.453986197331787
20.203115109237935,-23.51242522333419
20.13513351183812,-23.570668180186438
20.06698400838532,-23.6287145822029
19.992653307831045,-23.69164016510618
19.924155064915674,-23.749274619431958
19.855490675287925,-23.806711029530184
19.78666071153733,-23.86394891644099
19.717665747634122,-23.920987802859983
19.014683573152745,-23.20434891594408
18.947596569799103,-23.259161296747937
19.5096966153215,-24.090905711037784
19.4400474179569,-24.14714385569414
19.370236110833737,-24.203180638307703
19.300263276105646,-24.25901559159002
19.230129497273243,-24.314648249935708
19.153648005800363,-24.374941396235187
19.083180076715127,-24.43015018700587
19.01255301377346,-24.48515525575555
18.941767405931554,-24.53995614379922
18.870823843467683,-24.594552394154512
18.799722917977324,-24.648943551545532
18.728465222368143,-24.703129162406672
18.657051350855177,-24.757108774886316
18.585481898955774,-24.81088193885069
19.110975446177676,-25.66652718027108
19.03677795359885,-25.721607359287887
18.962421714109016,-25.776473046875264
18.89938136383761,-25.822729988601665
18.82473368312131,-25.87719849132742
18.749929023722466,-25.93145120515568
18.674968009434068,-25.985487677675287
18.59985126535294,-26.039307458278316
18.52457941787454,-26.09291009816381
18.449153094687688,-26.14629515034158
18.373572924769437,-26.19946216963584
18.297839538379723,-26.25241071268899
18.221953567056115,-26.305140337965334
18.145915643608653,-26.357650605754653
18.06972640211447,-26.409941078175986
17.991287106636236,-26.463438707896312
17.914793023172663,-26.51528221492059
17.8381495489844,-26.566904612093364
17.761357323198272,-26.618305468937557
17.13177895536329,-25.836062970672824
17.057100142675804,-25.885427072442308
16.98227909152939,-25.934575316696506
16.907316425853754,-25.983507293590215
16.8322127707595,-26.032222595081674
16.75696875253289,-26.080720814936008
16.681584998630747,-26.129001548728525
16.6060621376751,-26.177064393848166
17.070940814025686,-27.066270147991062
16.993139986689535,-27.1151838163191
16.915199007175385,-27.16387385016454
16.83711851830723,-27.212339847952727
16.758899164059677,-27.260581409956753
16.159274664879096,-26.45520444647889
16.083232489763244,-26.50150246080822
16.52341436593419,-27.403955511780406
16.444646012741217,-27.451295370448996
16.36574203111485,-27.49840882253009
16.286703071821467,-27.545295479452044
15.701044480905129,-26.729706362185098
15.113219311365793,-25.91506515613187
15.039968250292938,-25.957645406126115
14.966597223821802,-26.00001860652968
14.893106817191914,-26.042184419355298
14.819497616595076,-26.084142508269903
14.745770209170647,-26.125892538597327
14.671925183000809,-26.16743417732099
14.59796312710598,-26.208767093086507
14.523884631440021,-26.24989095620438
14.449690286885552,-26.2908054386526
14.375380685249327,-26.331510214079263
14.300956419257364,-26.372004957805192
14.23647482709916,-26.406870024623743
14.160159753911712,-26.447870911355018
14.083726599732499,-26.488651250374893
14.007176001934498,-26.529210701617764
13.930508598869967,-26.569548926860048
13.853725029865252,-26.609665589722937
13.776825935215387,-26.649560355675227
13.69981195617877,-26.68923289203609
13.622683734971817,-26.72868286797788
13.5454419147636,-26.767909954528864
13.468087139670493,-26.806913824575968
13.390620054750796,-26.845694152867527
13.310908451879024,-26.885306696887348
13.23321564544618,-26.923632809877613
13.155412487770484,-26.961734407797515
13.077499627649313,-26.999611172919362
12.999477714794816,-27.037262789390365
12.921347399828502,-27.07468894323525
12.843109334275862,-27.111889322358856
454.0001123329514,-965.5945826285831
451.2098501218306,-966.9015829716255
449.25634230111785,-970.0153292099155
447.70624324218755,-974.03445512054
445.3066461167562,-976.2330617860912
524.0369762687736,-1156.8427929079562
525.6326477195593,-1169.287954120509
525.1241751567354,-1177.185457209678
522.5508313200887,-1180.5175257854853
519.1584000882866,-1182.0133483247007
516.1611926262577,-1184.4161528899542
513.1544626491203,-1186.8114835403694
509.3497612642274,-1187.3612848244945
505.54613750992644,-1187.8990288946256
501.35468068824713,-1187.5034670063014
497.169671805033,-1187.093643078454
492.2238567508281,-1184.8226343404062
486.214718010264,-1180.8150778128638
481.29052111307294,-1178.511109106192
476.0082969312878,-1175.2617160669256
470.3761457769573,-1171.0637392917665
465.51231103496036,-1168.7011116084773
460.6660563099655,-1166.320189555091
455.47277665395933,-1162.9899181536925
451.7505057656252,-1163.368162079615
448.02985153759613,-1163.7346141329645
444.3108510108608,-1164.089286813518
440.2396507731615,-1163.4969058347876
436.5267708613122,-1163.8270396933538
432.1718625202708,-1163.3178762684602
428.1196484256839,-1162.6842076126557
424.7603539648122,-1163.9156505948733
421.0574064540873,-1164.1970024313573
416.68159090515314,-1162.583954732195
412.65328524297894,-1161.897700392843
408.3004716744778,-1160.2545948327027
403.6313709346456,-1157.6518113826014
399.63371447582244,-1156.9221643024464
395.9674106667065,-1157.1252350933773
392.62430303432564,-1158.2638545110565
389.91451645287844,-1161.2887969231933
387.39177169220613,-1163.1868359060695
384.3444347424363,-1165.2503402627767
380.97791252225693,-1166.355361873123
377.608213342882,-1167.450657293916
374.5403656018164,-1169.488569646945
371.46389432579446,-1171.5184911952158
368.07932512986247,-1172.5862912433972
364.3949479785414,-1172.689354384918
361.0070271283809,-1173.7367363953163
357.6160958554186,-1174.7743306631824
353.93372789053495,-1174.8446349460462
349.6825617036875,-1172.986831145323
344.8650901274716,-1170.2427396106207
340.66313811228497,-1168.3482470271824
336.19775653666545,-1165.4784719160252
331.47727519300753,-1161.631101525187
326.7816761684448,-1157.766270073775
0.0,-0.0
317.73147638649095,-1150.9486126292784
314.1614700871626,-1150.8916416034451
310.5944136987292,-1150.823665979781
307.2881330195831,-1151.7109026597514
0.0,-0.0
0.0,-0.0
0.0,-0.0
0.0,-0.0
0.0,-0.0
0.0,-0.0
0.0,-0.0
0.0,-0.0
0.0,-0.0
0.0,-0.0
7.898175352654312,-34.09719674839449
7.792641237165595,-34.12147040426052
7.467403023711324,-33.169834067740936
7.148130212475695,-32.21652114157412
7.046883918239053,-32.23881863596841
7.1650050563849526,-33.23646645692015
7.069525163705721,-33.256906259598644
6.76886970093066,-32.298334368382264
6.676085622099669,-32.31764039601892
6.5832464817590965,-32.33667988152783
6.490353045606571,-32.35545266787942
6.397406079787617,-32.37395860024375
6.113363734195591,-31.410615782779907
5.834908891028384,-30.445916610169547
5.747448540712454,-30.46254807582357
5.477362052796669,-29.495737063897607
5.400123711332593,-29.509975667599313
5.492047392034501,-30.50962824164934
5.403921151067218,-30.525360541573434
5.315749847022978,-30.540838291767226
5.058904079185814,-29.570381964350698
4.973491926871759,-29.58486738272358
4.88803830081238,-29.59910609410006
4.802543913602001,-29.613097979744104
4.717009478174773,-29.62684292297796
4.631435707798847,-29.64034080918311
4.545823316070425,-29.65359152580123
4.460173016907694,-29.666594962335136
4.372130954440665,-29.679697958658906
4.286405991349379,-29.69219971099016
4.2006452840942075,-29.70445386128513
4.114849547830212,-29.716460307356954
4.029019498004522,-29.728218949084376
3.9431558503503763,-29.739729688412563
3.857259320881215,-29.750992429353932
3.7713306258847146,-29.762007077988944
3.685370481916702,-29.7727735424669
3.5993796057952925,-29.783291733006696
3.5133587145949186,-29.79356156189756
3.427308525640225,-29.803582943499826
3.354474475560179,-29.81186845859909
3.2683720838313244,-29.8214309502685
3.1822424372816362,-29.830744762247623
3.0960862541427057,-29.83980981686895
3.11023439462966,-30.843580239824018
3.1186102955988764,-31.847672910656826
3.121212237868721,-32.85206286013374
3.026331580740205,-32.86093907914706
2.931425687156703,-32.869541272136395
2.8364953485345277,-32.87786936736841
2.7415413564939257,-32.88592329539546
2.646564502852345,-32.89370298905615
2.466145936403479,-31.90482916770376
2.299815753712021,-30.914573383745374
2.139225922706947,-29.923631337984677
2.0528058577430577,-29.929684062990304
1.9663686745152793,-29.935487205587368
1.9425789302803713,-30.939075407963163
1.853227364475535,-30.94455603713776
1.8207590654799473,-31.948158576441813
1.728494055362825,-31.953283216292114
1.5850829241732187,-30.95944948030398
1.4956740142721974,-30.96389767524481
1.3608896438776124,-29.969117093721444
1.2667323249374243,-29.973244556052965
1.180172628608278,-29.976777554745336
1.130056527230196,-30.979395930929066
1.0405919147367926,-30.982530052708483
0.9511186247900807,-30.985405812439787
0.86163740350413,-30.988023186142136
0.7721489970591768,-30.990382151989355
0.6826541516954157,-30.99248269031013
0.574019626167728,-29.99450785508531
0.48740141558148775,-29.99604040302802
0.40077914057484865,-29.997322815219363
0.32462530760361696,-30.998300250330878
0.25690970593268925,-31.99896869280317
0.17016884790468953,-32.999561248040905
0.07539815808611372,-32.99991386530815
-0.019373153584328878,-32.99999431334678
-0.11414430547324078,-32.9998025914933
-0.20891451594857158,-32.99933870132894
-0.3036830033859913,-32.99860264667967
-0.3984489861753955,-32.99759443361615
-0.5081574912948169,-33.99620237561897
-0.6057875936455015,-33.99460282738107
-0.7241013085334917,-34.99250887397158
-0.8245917691763464,-34.99028505763002
-0.9612131056938863,-35.98716534218057
-1.0645590986877291,-35.98425647314949
-1.1678963116517243,-35.98105082130357
-1.27122389230457,-35.97754841308165
-1.3745409884443927,-35.97374927737011
-1.477846747955837,-35.96965344550259
-1.5811403188170163,-35.96526095125977
-1.7312103171372597,-36.95947660394878
-1.8870034585111861,-37.95311868539352
-2.048517662565811,-38.94616252451782
-2.160356985569349,-38.940118871093624
-2.272178490868942,-38.93375405616099
-2.434973248792282,-39.92581752798139
-2.549624406238218,-39.91865998987334
-2.5976481720817106,-38.913393889174976
-2.709391123785868,-38.90577334713127
-2.74877553139194,-37.90045162102981
-2.8576088355452334,-37.892401240130106
-2.8102912781290748,-35.890141584174216
-2.832424590777207,-34.885202750414976
-2.932598189408896,-34.876924575705864
-2.859447738293383,-32.875881108070224
-92.10643680651664,-1024.8694571987241
-94.67985213272597,-1020.6178156391967
-97.12175876130432,-1012.3518973040506
-98.47078660676479,-996.1448208895356
-97.29713710649108,-956.0618531825651
-99.74521827134645,-952.7932049673745
-102.49620482549788,-952.5011957978686
-106.23508095819865,-961.1467669267815
-109.46108426984276,-964.8104845152079
-112.4779310972075,-966.4769604165905
-116.5715163214341,-977.0706635563886
-121.81921691143914,-996.5821985120363
-127.67735620156432,-1020.0404368030607
-133.6719682486202,-1043.4729536047112
-137.1276672602277,-1050.08428369906
-138.8359400610941,-1039.771889285026
-130.0744446589572,-953.1655883668188
-131.44564849413743,-942.8817749283077
-133.04042022544712,-934.5781115488617
-134.44454916454913,-925.2835582673785
-136.08941428281204,-917.967140653826
-138.14166542111658,-913.6152802327028
-147.33077719353253,-955.7105430471872
-157.22974112836465,-1000.7236424231754
-166.91565260129371,-1042.7248749870141
-171.21337541485283,-1050.1342676434535
-176.47979534135146,-1061.428698423156
-181.546522469062,-1072.7464100053612
-191.9410531527321,-1114.593931490128
-195.67655374820097,-1116.9900117338684
-199.77828498045702,-1121.342782939395
-203.3720592530944,-1122.7291772797016
-206.97550354043375,-1124.1041503945191
-210.4046616419932,-1124.4847168189162
-213.4642264038501,-1122.8900320359985
-216.3267432738533,-1120.305199552572
-219.5609719107547,-1119.6758368445774
-222.5981081393429,-1118.056385989895
-225.32936803220372,-1117.509139068763
-228.35499761844375,-1115.8740946283683
-231.1697492567921,-1113.2517895914436
-233.7651214676947,-1109.644027598578
-236.55055704242727,-1107.0085067256337
-239.11093413248122,-1103.3888531149353
-233.92637527088337,-1064.6024849457312
-225.91070084911652,-1014.1426700626796
-220.90937108613286,-978.3700985651234
-223.06451786806807,-974.8036832451374
-224.97503619816433,-970.258848497469
-226.8611737447695,-965.7111409977342
-228.73518074873326,-960.1297917926744
-230.33403528880953,-954.604751814893
-231.90289745669236,-949.0785247550335
-232.96144097824245,-941.6097742787831
-234.2217656256594,-935.1129153782439
-235.44652283349083,-928.6166781216125
-237.3814276617872,-925.0270578752016
-239.5489334267204,-922.4019235095517
-241.4491046261225,-918.8048377513278
-243.33050500103536,-915.2044937258237
-245.45287013572275,-912.5666488219565
-247.56203399689886,-909.9241942729725
-249.99535192292691,-908.2215170413724
-252.8617734487355,-907.4276409325211
-255.9971450503361,-907.5871648090211
-258.8615337205663,-906.7743414763323
-261.72334166016435,-905.9524780198113
-264.3019650038195,-904.1617506260259
-267.15549668858995,-903.3227222809536
-270.29299591639983,-903.4327292934084
-273.1441958859063,-902.5747881776011
-275.99267273319686,-901.7078488055799
-279.1340909532234,-901.7872028742245
-282.5774665405313,-902.8100439203891
-284.78260187134066,-902.1168824888432
-287.38647775587305,-901.2907479848404
-290.2944983172533,-901.408955051332
-292.5870183191344,-899.6159384488019
-296.1197399678643,-901.6174907361572
-299.0369021640862,-901.7077858952459
-300.6869913510092,-897.9957311882267
-303.59915245142065,-898.0710187010708
-306.19126654856757,-897.1905640884684
-309.75798184615854,-899.1390285615428
-313.01004850104226,-900.1298292676314
-315.6080686333855,-899.222190013961
-317.0949528190713,-894.4561425227461
-317.9922906855725,-888.8289503973991
-320.55765624161745,-887.9069709293204
-323.1203486805061,-886.9775872414072
-324.99034589766245,-884.163601983998
-327.5422100435623,-883.221433526032
-331.8434200196323,-886.9548717886801
-336.875146217925,-892.5419518771381
-345.85589393706726,-908.3874176963219
-362.8182656550541,-944.7258364769424
-366.6284900144479,-946.4716320681385
-370.08791202570507,-947.2718392164173
-371.30289738640613,-943.5730805785315
-373.2884024096766,-940.6379583168177
-368.5722552089507,-920.9877809668204
-367.48803497164505,-910.6462233780355
-368.9854951767772,-906.8024615919106
-371.98212422773844,-906.6583145016756
-374.5987509313601,-905.5803530337133
-377.9820747976209,-906.3407478049775
-381.3729076262869,-907.0891385793745
-383.9907392756417,-905.9840573379569
-386.2124772069593,-903.9518363550482
-388.42568351683104,-901.9143464789119
-391.25720953872343,-900.68962244714
-394.2575958344244,-900.4720695984189
-397.2599849988613,-900.2446913582465
-399.85798554267177,-899.093761182757
-403.2706448816177,-899.7604053173068
-406.6904819653257,-900.4148221119036
-409.7031945344309,-900.1468171294515
-413.13463378953406,-900.777871821676
-416.15361751665563,-900.4888486970847
-419.5965028996528,-901.0964292207475
-423.8958512622415,-903.5022453113548
-427.7852212505791,-904.9866322104394
-430.4248071790829,-904.8416907751595
-433.03594430180476,-903.5949706271301
-436.07824427804843,-903.241255073845
-438.6847362145879,-901.9782160409072
-441.7275376440706,-901.6056690632032
-444.7718419540841,-901.223062623661
-447.3724696629638,-899.9349273073362
-450.4170974643419,-899.5334559157861
-453.91344443358236,-900.0147693023938
-456.51054481084634,-898.7002406122435
-459.5592985224979,-898.268473865976
-463.0673906845567,-898.7155232244495
-466.19255569677154,-898.2251950446016
-468.3212113542201,-895.9889748181704
-470.44084326787595,-893.747958311184
-472.08310509539484,-890.6186287539074
-473.2403385405382,-886.6050879495542
-473.90490898522137,-881.7114818577045
-0.0,-0.0
-576.6054532203981,-1058.088442105148
-599.8623801993696,-1093.2401953923697
-604.4675756505619,-1094.129311364581
-609.5689959503479,-1095.8748282427537
-613.2196580786785,-1094.9824888763603
-617.1479751005473,-1093.9215588099971
-619.4295097942633,-1091.4815996598563
-621.7026366173691,-1089.037112142195
-623.4693685672681,-1085.7209339689146
-625.2232763973341,-1082.4028153377017
-627.466736959629,-1079.9474496517114
-628.1880573655501,-1074.8975600415588
-627.8742769880597,-1068.1268147072806
-529.3036456100834,-895.2305014597498
-531.0634946145118,-893.0243919892795
-531.2756276959018,-888.2405121454017
-531.9823941516006,-884.3182302275188
-533.5678196543239,-881.0251879653221
-535.5892563675877,-878.6268539394948
-538.12425383337,-877.0765573405088
-540.6547639030576,-875.518946836063
-542.6528930108127,-873.1047117654305
-545.1719146103314,-871.5340403679627
-547.686390043602,-869.9561012838564
-550.7315087494637,-869.2156264532636
-554.3145610437145,-869.3079819114248
-557.9027302924835,-869.3868779388106
-562.0384767821432,-870.2923362964932
-565.0942279468416,-869.5041768394002
-568.370625985267,-868.5613573704024
-571.976374975469,-868.5867984662912
-575.5870013462007,-868.5986437252183
-580.3120398536579,-870.2608438858356
-584.4942677315327,-871.0725865213411
-588.6860090435749,-871.8674112250945
-593.4491792861702,-873.4724217767674
-598.7908740939538,-875.8826914043905
-604.7181606664908,-879.093252254922
-610.6689545931866,-882.2768431144867
-618.9291295834823,-888.7157771487085
-0.0,-0.0
-0.0,-0.0
-0.0,-0.0
-0.0,-0.0
-560.7715035010187,-781.65166209841
-558.3442266404219,-773.5423224215397
-558.2252521424169,-768.6901637659578
-559.2628092223582,-765.460064419246
-561.4709136897995,-763.8418770140464
-563.0797428927933,-761.4132932539237
-565.8730580016307,-760.5864068124562
-570.4639685676763,-762.1514682568139
-756.1310161077275,-1004.1488368164829
-764.1142492517697,-1008.1440443162893
-769.4476705686682,-1009.1141076491054
-772.3585039538458,-1006.8879487659872
-774.6519724046606,-1003.8617044441775
-777.5476166073415,-1001.620538880989
-760.7412115253845,-974.1503010762201
-623.3196403540777,-793.444154272286
-615.6878394543943,-779.087597352172
-609.2229858088175,-766.3474104883433
-607.0616015679497,-759.1180487261227
-606.1171845642706,-753.4659637806354
-607.0323598830696,-750.157792770822
-608.2325805309831,-747.8964687579567
-610.3897620284155,-746.1369434700941
-610.0001860686898,-741.2825190142851
-609.5876848569269,-736.4365922947962
-613.631365357975,-736.9786614610408
-619.6094909912747,-739.8034054216928
-623.6761351153142,-740.3053954197716
-625.164831998173,-737.7383905102785
-627.9413088843959,-736.6910564114049
-631.3678394442613,-736.3930005883308
-634.1447898877063,-735.3240003279349
-637.5760942226748,-735.0004925683784
-641.1972927608891,-734.5005321687021
-643.9638273660873,-733.4075190806404
-646.7293668992105,-732.3046674644006
-650.8220859887603,-732.687254146842
-654.2560715172062,-732.3066249071303
-657.0248401079505,-731.1684891193836
-661.1335036768445,-731.5042654120206
-664.5768494853995,-731.082492697001
-668.0232144049444,-730.6469633250287
-672.1494354344217,-730.9337428557997
-676.2827964657251,-731.2028304133529
-679.0610211919432,-729.9898146534343
-683.4012006313064,-730.0430117299177
-686.1457639615555,-728.8381100063397
-690.2639949083878,-729.0758652795422
-695.0785874581134,-730.0203813985154
-697.8291847409257,-728.7766660121706
-701.9655793712111,-728.9638711061338
-706.1085810257953,-729.1335075291341
-710.2581234129061,-729.2855395014884
-714.4141400915018,-729.4199314779654
-717.8748295458274,-728.8242100153846
-722.0415855819592,-728.9252010256541
-725.5088733808788,-728.2999894587449
-729.209251568195,-727.429630567351
-732.346224399834,-727.1127887799169
-735.4857668131721,-726.785172396383
-740.7667290995981,-728.5503778456797
-745.3455115172363,-729.5951401024471
-747.0682831631622,-727.8310108065232
-750.9406287848236,-728.1512013587931
-755.5382119497959,-729.15156880014
-759.4235061861741,-729.4415249023722
-763.3143820921358,-729.7171740416289
-767.2107937086288,-729.9784914755885
-770.386600174503,-729.5378580112005
-773.4029568491412,-727.7993310913424
-777.692096676569,-727.6125361528634
-782.7187859681394,-728.0881142365682
-787.0205217198658,-727.8617302701045
-790.5913401306428,-726.9397037653359
-794.1633840828744,-726.0031125153921
-799.2166299993305,-726.3971216438795
-802.7948401744036,-725.4270773753581
-806.3741001724859,-724.4424135644003
-811.4459840126043,-724.775423858878
-815.7787556972318,-724.4211632421269
-820.1162292779117,-724.0479062016407
-824.1367544533516,-724.0218297531477
-828.4835931174213,-723.6124210758458
-833.5899842564046,-723.839580395689
-838.7045708465283,-724.0432603381795
-843.0684223390225,-723.5721354880877
-847.4365278150881,-723.081828927202
-851.8088128348135,-722.5723122130723
-856.9496539036097,-722.688238920825
-0.0,-0.0
-0.0,-0.0
-0.0,-0.0
-42.45156132569189,-34.96948585568596
-44.88273216413736,-36.736090612397916
-46.53935983414883,-37.86935418286948
-47.425388635362324,-38.36446940575154
-48.314638660432884,-38.85480267755589
-48.42602481948522,-38.71588976354026
-48.53701158131867,-38.57665753736237
-48.647598030561824,-38.43710714735017
-49.54419911409856,-38.914937159689146
-50.44393945425175,-39.38792927199631
-50.55684789533204,-39.2428991142125
-50.66933936507268,-39.097545297717815
-50.78141293569195,-38.9518690213286
-50.88321454877853,-38.818790259138325
-50.99510028891845,-38.67169179804718
-51.10656078300739,-38.5242708553033
-51.21759510158081,-38.37652866024395
-50.526199157498006,-37.631146656683846
-50.63465680097376,-37.48508410885057
-51.54813176291756,-37.93138689466666
-51.65745215597705,-37.7823720371411
-51.76634177966045,-37.6330421139639
-52.685343471659564,-38.06907646992843
-52.795056732431846,-37.91677708639412
-52.90432973739015,-37.76416151640992
-53.83177822930801,-38.18559483195987
-54.75912353400135,-38.606196261584486
-54.870379201133815,-38.44790613705487
-55.8017918930863,-38.86077741786296
-55.913778372584574,-38.69947529491186
-56.84920003922068,-39.104583553602396
-56.96188619605233,-38.940255789966024
-57.07409735004987,-38.77560330513286
-57.18583256548914,-38.610627472133125
-57.29709091061471,-38.445329666693624
-57.40787145764786,-38.279711267225885
-57.51817328279407,-38.11377365481505
-57.63762719657304,-37.93288719763977
-58.581406760419924,-38.31734309643906
-58.6893911228291,-38.15174137089405
-58.796907352854994,-37.9858353302884
-59.74543965851368,-38.359906673646904
-59.853539588955215,-38.19101725109416
-59.9611621012535,-38.02182320019913
-60.068306336964085,-37.852325870527956
-61.02250625049209,-38.21326642553151
-61.13018693806565,-38.04077082443452
-61.2373800243955,-37.867971793426804
-61.34408465446249,-37.69487071082933
-61.462203667894514,-37.5019668855682
-61.5702426785833,-37.32432472932845
-61.677768257542226,-37.146371327074675
-61.78477950811985,-36.96810816275312
-61.89127553795378,-36.789536722892876
-61.99725545897794,-36.610658496594
-62.102718387430166,-36.431474975514554
-62.20766344385936,-36.25198765385869
-62.31208975313307,-36.07219802836373
-62.41599644444452,-35.89210759828809
-62.519382651320115,-35.71171786539838
-61.75249407396499,-35.03754380154121
-61.862262847014854,-34.84337003573056
-61.08557130093234,-34.18410418365109
-60.30571772967491,-33.5293961936205
-60.39805552825989,-33.36277698881247
-60.48993297430602,-33.19590349371387
-59.70335879698175,-32.5500990529808
-59.79299525736035,-32.38514656680254
-59.88217597695506,-32.21994724180948
-59.97090027603256,-32.05450233714693
-59.175944427186344,-31.419859979805015
-59.26246254476223,-31.256367881291858
-58.462730025481875,-30.628568330361432
-58.553349347295544,-30.45497135466661
-58.64105071836775,-30.28575854499639
-58.72826308412177,-30.11629318362704
-58.81498571729722,-29.946576683723375
-58.90121789471766,-29.77661046054422
-58.09321709582228,-29.157814174894224
-58.177174555345346,-28.98993550798066
-58.2606468777945,-28.82181509518328
-57.44603900760367,-28.212631964013525
-57.5272697415221,-28.04662610878813
-57.60802075789624,-27.88038637389726
-57.688291383346645,-27.71391414560731
-57.775072389138096,-27.532544568743596
-57.85433784743962,-27.36559139200751
-57.93312086078935,-27.198410014726488
-58.01142077221894,-27.031001831019235
-58.08923692878861,-26.863368236895784
-58.16656868159266,-26.695510630245757
-57.3333620203622,-26.112939310657634
-57.40852989422586,-25.947267589936626
-57.48321904071197,-25.78137949601473
-57.55742883699078,-25.615276412226017
-57.63115866422981,-25.448959723697335
-57.704407907599084,-25.282430817336696
-57.76601221658082,-25.141357015758622
-57.83837262639955,-24.974439972294782
-56.991040395441075,-24.413547768507627
-57.06130232530109,-24.248871663246277
-57.13108842329998,-24.083993347638152
-57.20039810749435,-23.918914196596727
-57.269230799913615,-23.753635586710214
-57.337585926564714,-23.588158896230276
-57.405462917437106,-23.422485505060145
-57.47286120650733,-23.256616794743493
-57.53978023174378,-23.090554148452746
-57.60621943511147,-22.92429895097745
-57.67795385075381,-22.743210846103366
-57.743389446916694,-22.576558089791057
-57.808343523321945,-22.409717068486213
-57.87281553832013,-22.242689173469376
-57.9368049542818,-22.07547579757927
-58.00031123760184,-21.908078335201317
-58.06333385870395,-21.740498182256164
-58.125872292045045,-21.572736736187874
-57.24941108037586,-21.059556760533642
-57.309986537440906,-20.894148536811482
-57.37008408887739,-20.728566077641194
-57.42970323353431,-20.562810763808013
-57.479776166740656,-20.42242228094876
-57.5385107956882,-20.256351483287233
-57.596765613352765,-20.090111768740957
-56.7093837383113,-19.59708641663228
-56.76573823839343,-19.433243739792847
-56.82161937131126,-19.269239009930452
-56.87702667107432,-19.105073594673758
-56.931959675643384,-18.940748862991544
-56.98641792693442,-18.776266185180905
-57.04040097082226,-18.611626932856197
-57.09390835714453,-18.446832478937456
-57.14693963970532,-18.281884197638817
-56.24758260010946,-17.810374831649767
-55.344562896631004,-17.34875666383198
-55.39443053474016,-17.188864585301936
-55.443836240963726,-17.028829169534745
-55.49277960330958,-16.868651751059087
-55.54126021364099,-16.70833366558798
-55.58927766768017,-16.547876250007274
-55.63683156501151,-16.38728084236488
-55.68392150908502,-16.226548781859268
-55.73054710721961,-16.065681408828453
-55.7767079706063,-15.90468006473891
-56.78485895076519,-16.014986542039377
-55.87158796940396,-15.568097436011717
-54.94767001575572,-15.157623819043007
-54.98668777226661,-15.015464289700294
-55.02533773710523,-14.873204325817056
-55.063619651751985,-14.730844878933194
-55.10153326014908,-14.588386901254172
-55.13907830870225,-14.445831345644345
-54.208250080558166,-14.052246197802893
-54.24441151853918,-13.912002695779433
-54.280210129740965,-13.771666139983438
-54.31564567471592,-13.631237469089681
-54.350717916444864,-13.490717622389065
-54.392831976281116,-13.319903513165947
-54.43106937244999,-13.162776567713072
-54.46885287016253,-13.005539858406
-54.506182154343705,-12.848194696435106
-54.54305691370616,-12.690742393895295
-54.57947684075275,-12.533184263774912
-52.66489014492995,-11.933538704946674
-51.72322146972254,-11.563233146228344
-51.75639722011608,-11.41382261968185
-51.78914137603474,-11.264316913736346
-51.82145366442633,-11.114717275113877
-51.853333815840024,-10.965024951319606
-50.90851559989155,-10.598256432809997
-50.93874233038076,-10.452010801710598
-50.96854893982773,-10.305678966879652
-50.99793518240026,-10.159262135199647
-51.026900815733136,-10.01276151425436
-50.073610108604555,-9.676444114004672
-49.11881663708276,-9.34568628687278
-49.14545354681595,-9.204585578816406
-48.18825142327294,-8.882140776154914
-48.213560934501054,-8.743714428957182
-48.238472800821896,-8.605215967328537
-47.27802790214501,-8.293857828778924
-46.314171228724035,-7.99984646080354
-46.33707945989478,-7.866070628172439
-45.37322679256867,-7.567713685792318
-44.40804560943413,-7.274990388338523
-44.4288686049182,-7.146721939946574
-44.44932110988814,-7.0183938953333564
-43.48119399926266,-6.736896050740626
-42.51182001498101,-6.461049374045951
-42.53030048090354,-6.338260092805894
-41.558928002617115,-6.070873353421832
-40.586374156705745,-5.809150782333677
-40.60298014846055,-5.691924372628133
-39.628965541830375,-5.435539539403694
-38.653384223866645,-5.188052432477605
-37.67671228686048,-4.946246177975419
-37.69083858129154,-4.837425662377216
-36.712422926697144,-4.604128891693002
-36.72556530190471,-4.498094402692435
-35.74547165590894,-4.273319096043559
-35.75766277588769,-4.170078273353627
-34.77595694434388,-3.953835935536577
-34.78722952796194,-3.8533961344368564
-34.79821202229891,-3.7529242000247556
-34.80890433577223,-3.652420970131555
-34.817724961660424,-3.567355952826753
-34.82788132415977,-3.466797148701241
-33.84238305100196,-3.2700320226650867
-33.85168489114654,-3.1722909750716557
-33.86070444347842,-3.074523473873818
-33.86944163278391,-2.9767303343507887
-34.87430510344525,-2.9635862652895058
-34.882717710682805,-2.862866590817017
-34.89083943236723,-2.7621230430174095
-34.89867020077184,-2.6613564619869368
-34.90620995059616,-2.560567688014049
-35.91098600807987,-2.5300363490456292
-35.918757125145824,-2.417206359578383
-35.92558758397813,-2.31347287555236
-35.932118460808184,-2.209720099570891
-35.938349701175284,-2.1059488968240903
-36.94273351014839,-2.057775691896168
-36.948521763481764,-1.9510867467937973
-36.95400190460669,-1.844381531658989
-36.95917388782451,-1.7376609363021907
-37.96306571514157,-1.6750049277070271
-37.96774437844693,-1.5653711422251828
-37.97210643028825,-1.4557243031775489
-37.976151834290555,-1.3460653249045884
-37.97932752080101,-1.253268154756701
-37.98278825750647,-1.1435891681144692
-37.98593225729759,-1.0339006451290744
-37.98875949395669,-0.9242035004885466
-37.99126994390756,-0.8144986489529455
-37.993463586215654,-0.7047870053464981
-37.995340402588276,-0.5950694845500687
-36.9969819463912,-0.47257471198061063
-36.99819235289368,-0.36573572190766673
-37.99906975279717,-0.26589080851948316
-37.999679135342795,-0.15615892863806619
-37.99997164012175,-0.046425746553676824
-37.9999299684767,0.0729547179164221
-38.999564050990486,0.18440128169471912
-38.99889238420637,0.29392653008964265
-38.99791313048701,0.40344946026592726
-38.99662629755585,0.512969208408652
-38.995031895562235,0.622484910728132
-38.99312993708131,0.7319957034664526
-38.99092043711396,0.8415007229045954
-39.98810606470427,0.975383697814224
-39.98520911266806,1.0876820381928507
-39.98199679454901,1.199971799948783
-39.978469135682914,1.3122520974449081
-40.97350302762106,1.4737875170891828
-40.96917726259367,1.589501313676053
-40.96452470939848,1.7052024317017043
-40.9595454051463,1.8208899482831937
-41.95312327710435,1.9837961831007025
-41.94735320994411,2.1022746443297304
-41.941248552254706,2.2207363368920405
-42.933257194461234,2.3948750853108947
-42.92632222612895,2.516120056465381
-42.91904485858029,2.637344957940217
-42.91142514986272,2.758548822792336
-42.903463160754406,2.879730684246316
-42.89420451494379,3.014501456323437
-42.88532062455311,3.138355449798414
-42.876079115231654,3.2621832726558613
-42.86648006404398,3.3859838923007937
-42.85652355103617,3.509756276364842
-41.84978617878786,3.548999406838035
-41.83936316128425,3.6698351813359165
-41.828591247046255,3.7906403532286506
-41.81747052590045,3.911413915126785
-41.80600109058204,4.032154859904687
-41.79418303673421,4.152862180708457
-40.787206547123695,4.1717840407037015
-40.77389924595655,4.299900031463991
-40.761592610897836,4.415038824653601
-40.74896084345777,4.5301424015526335
-39.742442970139386,4.531912042970247
-39.729485187368056,4.6441368139518024
-39.71621050475788,4.756324541256614
-39.70261902819357,4.86847433002598
-38.696493094434544,4.856070653561321
-38.68262397614055,4.965340101193098
-38.66844630823294,5.074569943089405
-38.65396020379901,5.183759307985146
-38.63916577838631,5.292907324937846
-38.62234697048687,5.414269525182845
-38.60655102711034,5.5257775734393375
-38.59043314528732,5.637239542463115
-38.57399345942414,5.748654502777458
-38.55723210661068,5.860021525297544
-38.54014922661918,5.971339681338268
-38.52274496190306,6.082608042622228
-38.50501945759577,6.19382568128705
-38.486972861509585,6.304991669893372
-38.46860532413431,6.416105081432638
-38.4499169986361,6.527164989334563
-38.43090804085612,6.6381704674752635
-38.41104305945203,6.75216788038645
-39.375778992646126,7.039036064852054
-39.35528803284732,7.1527130413308795
-39.334468890914785,7.266330371628918
-40.29615478396999,7.564384286003234
-40.27414292676935,7.680716861996301
-40.251795225141706,7.7969853888063305
-41.2103097158203,8.106193504115655
-41.186729452363195,8.225163646872815
-42.14287253765881,8.54273341938297
-42.11802777973536,8.664394724701827
-42.09283180130468,8.785983777988273
-42.06968592605888,8.896152318995172
-43.02173057517397,9.226629846110736
-42.99505561040831,9.35014401268222
-43.94457208712427,9.688889723778379
-43.91656577295202,9.815052252024897
-43.88819725365771,9.941133829902498
-44.83412158017306,10.290847493489554
-44.8043828616535,10.419562197442373
-45.74762841166774,10.777499464531203
-45.71648833165604,10.908835621713113
-46.65699186539024,11.274977165072642
-46.62441935103655,11.408922831656307
-47.5589377051546,11.796077498780033
-47.524675609941696,11.933365332956706
-48.459201233068335,12.31689148498876
-49.39190004628233,12.705912396127077
-50.32274811384047,13.100420690610093
-50.28470791370641,13.245684204042911
-50.24624839145424,13.390837262258191
-51.172896211407824,13.79618401357718
-52.09761392335994,14.206992063506368
-53.02037771946013,14.623253621741513
-53.94116382082247,15.044960806037114
-53.897493241404256,15.200665192444138
-53.81446124075782,15.492054781951117
-54.7306804599101,15.923335592620509
-54.68549060093919,16.07784555637327
-55.598458661305706,16.517003193287845
-56.50937468356454,16.961443714274893
-56.46124584735941,17.120973026205014
-55.45651975903992,16.987478218241073
-56.36363748328684,17.439620685457093
-57.268636000664365,17.897020160445962
-57.217861828678764,18.05869008965561
-57.16663126187436,18.220215974814593
-57.11494470888873,18.3815965275213
-58.00786405562009,18.87028637050055
-57.953130041219445,19.03771830933287
-57.89791275804296,19.204991493412475
-57.84221266654524,19.372104527855345
-57.78603023120708,19.53905601911264
-57.72936592053153,19.705844574982653
-57.67222020703991,19.872468804622567
-57.61459356726802,20.038927318559704
-58.50003544047948,20.536451822616403
-58.440487950403686,20.705298068820976
-58.380453127494405,20.87397165439363
-58.31993147237954,21.042471172772338
-57.31396373519492,20.88323636222993
-57.25341977287981,21.048656116493884
-58.12997867790055,21.56166920502276
-57.13090005534266,21.37896767541521
-56.133369168990974,21.190678746509587
-56.07194232082958,21.352687989327258
-55.07654709285557,21.155943853405898
-55.0152249558268,21.314901432091393
-54.95344404909226,21.473681266687514
-54.89120488784035,21.632282033135816
-54.82850799108096,21.790702408870875
-53.837127544663886,21.576925122444877
-52.85692994541958,21.334126575630105
-51.86887265198553,21.109714583861816
-51.80769738659454,21.259409481428342
-52.670127422133994,21.791229367251592
-52.60698079030782,21.943235224738025
-53.465209426657296,22.48269069670433
-54.320753468013635,23.02728257235935
-54.254030575201426,23.18404982622986
-54.18685526025219,23.34062374925915
-55.03650313559803,23.895257324525893
-55.883391968006116,24.4549893099586
-56.72749940668914,25.019808373848168
-57.56230493089962,25.60431703916604
-58.40105208342,26.178562136787896
-57.41429221738682,25.934514631596915
-57.33957526153852,26.099293262967105
-58.173343891611744,26.680743251796393
-57.188723232821204,26.428203400908213
-57.11258940411539,26.592332194768602
-56.13065144724849,26.33153941773061
-55.150689916090144,26.06532949684835
-55.075606613399394,26.223606848907654
-54.098428594005725,25.9491815604898
-54.0236831907648,26.104437448523516
-53.055904260677835,25.80835180870307
-51.18518430607345,25.081405613587357
-51.11254274949083,25.229109649004116
-51.03947496750931,25.37660329990976
-50.96598156943817,25.523885336360696
-50.89206316813589,25.670954530178005
-49.926181425969745,25.364865625923457
-49.85272656489928,25.50893282843063
-49.77885598398552,25.652787312992494
-48.81698868674586,25.3357773821552
-48.74362244920977,25.476641665040813
-48.669849740604086,25.61729349925593
-47.71010707977938,25.293194389716483
-47.63686842523168,25.430862483155476
-47.563232528790884,25.568318509674604
-47.48920000450365,25.705561323033784
-47.4147714697242,25.842589778770783
-47.33994754510905,25.979402734210883
-47.26472885461182,26.115999048476496
-47.18911602547806,26.252377582496596
-46.24064469401343,25.899860584219507
-45.294610088685275,25.542088734360973
-45.22066276768694,25.672780504868033
-44.27813953894627,25.307041687435596
-45.08315438925814,25.91349436711141
-44.99532005360392,26.065708762160085
-44.90697179796815,26.21762544427877
-0.0,0.0
-0.0,0.0
-7999.79763441819,4779.853429589356
-0.0,0.0
-7956.192840396434,4827.072765809992
-7935.567922467079,4851.32587525426
-7908.910002579748,4871.8234338996745
-7880.504989746202,4891.141595434057
-7799.492360467066,4877.4501452107
-7737.5903110704485,4872.62066839075
-7716.730065968284,4890.661825252399
-7707.633625510756,4916.151736358014
-7696.771186647486,4940.549493770208
-7684.152122147939,4963.840263716121
-7681.523646839167,4993.639801092056
-7696.360555908326,5034.962084609821
-7700.999629056109,5069.813084648948
-6876.01167265402,4555.213219765423
-6857.004393007186,4571.167438880373
-6838.7928124928785,4587.606987068067
-6823.8588774069085,4606.217430955136
-6810.100986911882,4621.1929788812995
-6632.38414539577,4528.624686138478
-6612.685351719156,4543.228085751242
-4139.209299800204,2861.462977647537
-4127.645202946758,2871.1198300646756
-4119.336995288467,2883.0273531910484
-4114.264917504343,2897.2138665609377
-4119.752634287683,2918.9106242363264
-4133.292048987715,2946.467857923269
-4139.393064200121,2968.882122963445
-6478.402267367601,4674.871662641268
-6458.401746436736,4688.859976755854
-6437.180432213792,4704.406135010438
-6410.677929695016,4713.497372622714
-6389.804366712303,4726.637722011745
-6367.303969956327,4738.502838891035
-6344.7884047729385,4750.277475964836
-6311.874006683269,4754.140355916735
-6275.80225361342,4755.437106464633
-6242.161675212213,4758.38403457643
-6210.143630782134,4762.393524799909
-6176.571101924057,4765.036245704395
-6150.935255278388,4773.655987330192
-6130.030584449651,4785.859800883419
-6114.1788482943475,4804.476351390441
-6103.723552173812,4824.205509577582
-6089.291630427802,4840.802458229618
-6083.405930949381,4864.225866393325
-6077.436432623323,4887.654591664872
-6073.715514644688,4912.975050533477
-6073.002793684491,4940.837790081796
-6072.954951728516,4969.368888931079
-6070.477894440184,4996.032639316226
-6067.898574797185,5022.721959851481
-5519.562501851012,4595.166350433919
-0.0,0.0
-3423.5462876208658,2884.9367092741195
-3406.0471263374766,2887.0517787473464
-3394.652071790982,2894.280275212681
-3384.7618685610246,2902.769038889467
-3374.8509594666357,2911.2248283818835
-3364.1641394346043,2918.9922307094666
-3353.460620835975,2926.7222048739777
-3341.237499856527,2933.095288181498
-3324.5079239998636,2935.4509131072377
-3302.5588253950013,2933.0861229779107
-3282.1427637578604,2931.951547742887
-3261.0170490739993,2930.0552564156033
-3245.632329433959,2933.6829723289957
-3231.967698897574,2938.334356958499
-3216.8273655272064,2941.5816664500903
-3202.431306034981,2945.4430447942946
-3188.039819456779,2949.2458543766725
-3141.440727692159,2923.017474186044
-3097.940537897274,2899.2780866368694
-3067.7107052689566,2887.6495682091067
-3052.097471882388,2889.621086254932
-3039.395225383587,2894.285000464788
-3029.5802838017735,2901.6664701511722
-3022.6288201778784,2911.7905170925474
-3015.5049575261637,2919.1674928196785
-3007.314415895937,2929.0380680258286
-3001.234432349509,2940.985529049696
-2996.5337465243892,2954.3272509897256
-2989.6497000836835,2965.5548672701266
-3098.806408874458,3092.6174739722637
-3080.1971623879044,3092.832106794273
-3059.504963214315,3090.8300471017446
-3043.0616195889597,3093.0077561145267
-3030.1292316490894,3098.6888904027946
-3022.069305334584,3109.339658794861
-3013.9725944555853,3119.9700639382213
-3004.15606220004,3129.4233261012723
-2995.797064979824,3138.8088418153584
-2988.097251071659,3148.89755599289
-2987.2265955455673,3166.2416627391594
-4962.767379257592,5290.695222688293
-4939.966262222253,5296.959724984314
-2663.2406668854924,2872.2879643669635
-2646.8016144796907,2871.1437117615174
-2634.4454796635164,2874.351755558193
-2619.3987605938487,2874.5558149041753
-2618.4723542124375,2890.2599416359035
-2611.4536882860953,2899.2953685226607
-2600.356928011897,2901.199725448169
-2590.6376467866085,2907.2035675287593
-2580.9053860662707,2913.1754818709624
-2571.1602491630847,2919.115443610208
-2551.5203859545413,2913.738615603395
-2547.03540863133,2925.61987058781
-5352.672456770561,6184.249232568963
-5328.921449935888,6192.858482188431
-5305.165405520741,6201.38218626025
-5282.052485486679,6210.582141841777
-2400.577580860132,2839.1462234748874
-2398.160007862795,2852.955936688739
-2391.1085063295523,2862.778390123563
-2372.01686055963,2856.5547453568674
-2358.0738040022143,2856.414524343154
-2344.1511634740905,2856.2178353170243
-2332.145715552468,2858.289236839104
-2316.9979280786606,2856.432145400831
-2305.6464693913736,2859.1822883795103
-2299.9277627003717,2868.912910208336
-2287.939691598167,2870.813990423219
-2275.959700904572,2872.669914880297
-2265.2254409953002,2876.0519295498902
-2260.65541073151,2887.2696642209135
-2253.415673769033,2896.725358264406
-2244.6138136967897,2902.2869994818834
-2247.989349350322,2923.6771171262253
-2268.266280152063,2967.354559590937
-2267.1373118917754,2983.303103780797
-2262.92227809823,2995.2794132245353
-0.0,0.0
-0.0,0.0
-0.0,0.0
-3439.598852730057,4661.331218900677
-3424.0544368442843,4667.801646763385
-3406.7333382170245,4671.797508698412
-3380.8932195870625,4667.090103881671
-3362.143035169597,4669.52997753099
-3339.915187505348,4667.021270604101
-3321.7872600358855,4670.127449980705
-3301.937497680059,4670.718227576392
-3280.387372328283,4668.778714767829
-3264.6014123648065,4674.952579265988
-3250.5176683842565,4683.538820968796
-3233.004814153938,4687.143679433932
-3216.629103421226,4692.336114455524
-3206.4436940548576,4706.5639097813
-3206.294409907182,4735.677053706044
-3212.0483314681087,4776.429787646097
-3199.9088433934303,4788.179653477146
-3181.642703387222,4790.735925511116
-3159.532744922899,4787.384341554371
-3144.5981082246035,4794.8158189601245
-3136.198855265942,4812.254434278034
-3118.4843048947905,4815.415313358221
-3100.23653546576,4817.673133802589
-3087.3889402963214,4828.290642798542
-3080.941254479248,4849.002576453001
-3074.399631027057,4869.71743623187
-3082.6431597844035,4914.154265937775
-3080.1543127558775,4936.943427831776
-3075.3686950696388,4961.116445860313
-3074.6644199404695,4992.114552446902
-3071.7188193462753,5019.73789105307
-3063.444305450782,5038.840936902174
-3071.6297408972564,5085.329068490598
-3067.2228818496183,5111.327106834205
-3071.908663136244,5152.8029426078865
-3066.1885662660725,5177.139816162899
-3446.2571777295816,5857.382304831002
-3438.4112902636025,5882.849972503785
-3432.957551157687,5912.645047011483
-3421.856447693215,5936.396419662384
-3412.247437743574,5959.2160913674215
-3412.9181467111675,6000.283220302989
-3398.6235982936614,6015.283753666276
-3392.590987211473,6045.076541574266
-3384.4675777203065,6071.390303329217
-3375.7365406576664,6096.832276524311
-3365.923456352388,6120.521569766484
-2836.3754235955207,5192.866593358945
-2808.5759353579456,5177.258078880001
-2783.73546763535,5166.815058256779
-2765.1113872385467,5167.734514868554
-2748.2865285486046,5168.775208596158
-2731.4814012193738,5173.152748063085
-2714.673925074344,5177.47636214029
-2698.787881149718,5183.520036862924
-2683.808060821326,5191.29177495067
-2670.175883869793,5201.68912462098
-6766.143554258856,13275.138470206679
-6723.71666603088,13286.591556713805
-6681.280087611455,13297.910376855707
-6643.297922460244,13318.043464166776
-6605.255190966421,13338.068070834366
-6567.593395567465,13358.881427368784
-6538.452618149479,13399.878259156469
-5639.638492654323,11643.042844212661
-5596.4598358100775,11639.45283534259
-5551.195391579759,11631.198292717034
-5507.309740586101,11625.490760447296
-5464.354442999479,11621.43685269906
-5423.5830191443965,11621.762871201965
-5382.855339365128,11621.9504557311
-5340.918910304456,11619.274039007441
-5296.967769359916,11611.903437867637
-5254.753406265755,11608.020099885183
-5215.883825253066,11611.287479063785
-5175.27054399822,11596.60190730131
-5125.970293037672,11575.838136173781
-5083.269295785087,11569.53509292956
-5048.639671471124,11581.415866276797
-2767.5952228476176,6399.156247699461
-2748.7103890408853,6406.202634726653
-2730.5912434989555,6415.033551036723
-0.0,0.0
-215.95874446373853,515.5994770067612
-212.5506089869145,511.60359519777785
-207.64338026219198,503.89406290736423
-203.53912960252083,498.01187005998986
-200.09649946307601,494.0145654761843
-197.17813815068453,490.8785815610919
-195.019682216799,489.5879119709337
-192.87033090649848,488.2888852472661
-191.45948390439804,488.8438053438558
-190.04704032950977,489.39464899199055
-188.99231293530414,490.87463333458584
-187.21741058781964,490.4840886030777
-185.09243754854813,489.1521129079755
-183.67913021421865,489.6845690071805
-181.9157934984571,489.27563200697693
-179.81056362930786,487.9222901316465
-178.27682573971342,488.48477295016255
-176.86547391559338,488.99755023579877
-175.45264721753665,489.5062497909078
-173.7036682781481,489.06853878236234
-171.95868319806635,488.6248164725028
-170.54695331047276,489.1193481314304
-168.80728810902167,488.6646083780549
-167.07167413889852,488.2039079118741
-165.01908249747183,486.79020369322615
-163.61267939712536,487.2647033599843
-161.88933817871944,486.7862386962641
-160.48295957758896,487.25170054625556
-158.98139064760915,486.69180949318667
-157.26753260477471,486.1974117458937
-155.862873643041,486.64952955873025
-154.1546509257694,486.1443649760369
-152.75015812748606,486.5874938713777
-151.04763784297054,486.071611084271
-149.34937326311157,485.5499610811598
-147.9466169738766,485.97921614610743
-146.25415722574928,485.4469296372012
-144.85171136817956,485.8672470065353
-143.16512257327838,485.32437367041246
-141.76304350300634,485.73577127566455
-140.04389991770105,485.19347284958496
-138.6422118665573,485.59585777552576
-137.23936768369222,485.99419333751337
-135.5663981187169,485.425330716391
-133.89786066508196,484.8508666686225
-132.7606014831554,486.2001878792632
-131.0954096289489,485.6160969060005
-129.43470041868406,485.0264511627438
-128.03353891467486,485.3982003602655
-126.1268025340965,483.83057952399514
-124.72910816781838,484.19278141630804
-123.82369518538202,486.48914942744364
