-49.26841425412602,24.44633626709393
-49.19800472411318,24.587727246863157
-48.23396780392162,24.279298793215837
-48.16404224731771,24.41771968056384
-48.093719454215574,24.555939180964078
-48.023000004607646,24.693956154441
-47.95188448175781,24.831769462689415
-47.88037347219663,24.969377969083837
-47.8084675657164,25.10678053868802
-47.736167355366376,25.243976038264126
-47.66347343744798,25.380963336281994
-47.5903864115096,25.517741302928886
-46.63017080237295,25.19180761560244
-45.678791136388654,24.84850177210251
-44.72979038681162,24.499915345810784
-43.78319110630432,24.146059234351963
-42.839015804367435,23.786944421534198
-41.89728694703007,23.42258197719081
-41.82947433859479,23.54347205823389
-41.76131291588762,23.66416581122854
-0.0,0.0
-0.0,0.0
-0.0,0.0
-0.0,0.0
-0.0,0.0
-8201.730516655061,4835.39631593617
-8175.167300035341,4854.760922685366
-7958.9027371204365,4760.561229630055
-7946.3255630986605,4787.341542572951
-7931.948704022109,4813.052436527363
-7908.102712257978,4832.984118779825
-7709.630025491425,4745.357085619699
-7708.981696753992,4778.755193469522
-7733.6468915825,4828.083963262894
-7719.133476346228,4853.13325330667
-7704.538951467668,4878.139045303801
-7690.019034385547,4902.857049801472
-7679.19547167672,4927.203355634892
-7667.455311946897,4950.985562420608
-7655.641814866567,4974.741038734231
-7642.918098923694,4997.922261614784
-6883.317763995251,4529.628744154141
-6866.873700204966,4547.2784811833735
-6851.217294188456,4565.425564809157
-6836.343924637173,4584.077087492794
-6821.419980112156,4602.680790031683
-6803.963622119828,4619.551388270297
-6620.500106709416,4522.9749432271465
-6607.082042822545,4544.318197421023
-6589.287425090268,4559.546055206293
-6559.969532525061,4566.7109315505095
-6539.6739308446395,4580.056864082696
-6588.023146378122,4641.7057234152735
-6581.4142579298405,4664.919652632595
-6564.956250464822,4681.166353536571
-6546.833866116583,4696.191577168567
-6500.29698025018,4690.671078699762
-6455.46228142275,4686.100269214072
-6438.163802051376,4701.364786735376
-6418.412839827182,4714.792955956981
-6392.33301301531,4724.899961979577
-6368.230331146703,4735.58216584436
-6336.112128525705,4740.174268394514
-6285.643922881666,4730.789519175503
-6263.984019111894,4742.884481864471
-6231.169711208914,4746.410541673848
-6186.481195188768,4740.663078259807
-6169.59772327531,4756.06601436062
-6151.0964616182955,4770.18535487531
-6136.507392715014,4787.313027069985
-6125.8040572578475,4807.483089110484
-6113.465607496702,4826.391951132334
-6099.055840219812,4846.196225688824
-6086.675399635618,4864.940552511469
-6079.693021913598,4888.039868832402
-6073.405656039383,4911.767984869484
-6063.929136867034,4932.976020928445
-6060.572222121321,4959.236366664875
-6063.291188553972,4990.602064160572
-6052.7852466166605,5011.182969952274
-0.0,0.0
-5494.185655538926,4602.153081164326
-3424.539895589444,2885.3094294228204
-3410.8993219218946,2890.60665184884
-3399.514056845349,2896.283856480728
-3387.385661505681,2902.7813180165185
-3378.2778612904135,2911.844551468205
-3371.4126983424067,2922.844576342638
-3362.2511076406854,2931.8575151546816
-3353.0655614056936,2940.841944225347
-3342.3563244676207,2948.4747243772154
-3322.6548153902163,2948.10599839358
-3287.314990708599,2933.6659918713517
-3276.643815098152,2941.090666568956
-3262.9880731491044,2945.7978264787102
-3255.25504557515,2955.828748127592
-3349.303775701786,3060.4792464693764
-3352.968567149185,3081.6420602836956
-3354.336024041046,3100.8150279919155
-3350.494183861327,3115.2550014262747
-3076.356621319216,2876.9730513971476
-3066.579087340405,2884.474423718555
-3054.6046292722394,2889.8815821463354
-3044.073413653435,2896.622352376699
-3034.9736389548348,2904.7092816406343
-3025.8525490677844,2912.767816235958
-3017.428667481837,2921.493494201003
-3008.2631999619935,2929.4971445206133
-3004.6696991089552,2940.3360350913126
-3007.381522049494,2960.414900117088
-3011.4220543668384,2981.942522999565
-5424.250103470351,5402.9479744859555
-5408.987773330404,5419.640234181805
-3056.0397181546014,3080.1854231623042
-3039.211771864549,3081.3594087285483
-3025.204046829557,3085.3170785263014
-3017.481532255206,3095.663774136134
-3012.507843567211,3108.8643412741626
-3006.09494946924,3120.6220781721595
-2999.6388701391033,3132.36901541798
-2992.540923099028,3144.674835905553
-2986.9339465254734,3156.8879611246516
-2981.966668685332,3169.8231475667067
-4957.939626645454,5300.697940699764
-2662.028105936457,2862.496700994493
-2647.007510465825,2862.787494652286
-2625.239430734087,2855.653853554202
-2627.822226570624,2874.991364429015
-2624.935172461197,2888.4467002830615
-2613.9474854063033,2893.005278864535
-2601.61872424641,2896.036776985141
-2591.9587110239527,2902.004658912016
-2582.1652230233653,2909.3852891991964
-2575.7378586366676,2919.079218449851
-2567.957093314533,2927.256798932334
-2560.807863844316,2936.1674142448196
-5354.889679284416,6175.713118555074
-5330.50432587708,6183.576605153828
-5304.816789836659,6189.832213094882
-5283.02889709693,6200.558174264538
-2416.6724836449957,2853.036120835684
-2401.3381371571704,2851.5888818401804
-2381.5388911312734,2844.709565145311
-2370.1156926482377,2847.731834892915
-2361.874647959432,2851.974254323925
-2346.637482954533,2850.2906033583336
-2331.429795662013,2848.542804294748
-2320.6697483193084,2852.16074568661
-2309.908268504007,2855.740322770406
-2301.025410705836,2861.6194819168463
-2291.5034777338838,2866.690044551995
-2278.8608104587765,2867.814918462342
-2268.0903901758784,2871.2448488402783
-2260.407172461826,2878.568987306563
-2249.0086199356383,2881.1430418247537
-2244.9706156259567,2893.155878098519
-2240.0407690245693,2904.555276304415
-2255.371826865273,2941.963106937679
-2258.9891420324475,2964.371275022666
-2261.8919311689565,2986.027610674886
-2267.6959415755045,3011.7196278143133
-2269.175900420254,3031.8657181596827
-2262.7988002763823,3041.615128425647
-2243.3038069334107,3033.663961251817
-3416.6517547950284,4648.424656424589
-3402.0343202557015,4656.656685198333
-3385.635103689163,4662.415569709297
-3367.4752986627873,4665.686028109475
-3349.0657431642426,4664.152940027132
-3329.773903468734,4665.66498494894
-3309.922750527262,4666.288930782367
-3292.976808522248,4670.923756446323
-3271.441037666577,4668.947904728755
-3255.087426229015,4674.272333487403
-3239.8685618537183,4681.185822194192
-3223.503487236613,4686.402593437038
-3208.828339507825,4694.040550269187
-3205.936964214145,4719.003409776835
-3221.3936048658256,4771.33862165845
-3214.2878573006547,4790.586036218279
-3201.440166245004,4803.988953146453
-3185.9741139981115,4810.662006931473
-3160.6003770699103,4802.250124313137
-3132.0171429974193,4788.7109555673
-3114.437030396204,4791.816668414692
-3103.9180686627274,4805.7812708267365
-3091.724157474237,4817.200196596589
-3085.405103857562,4837.863096976775
-3079.5280964491876,4859.374003220995
-3074.618643173755,4882.583353005699
-3070.6620669671534,4907.499920579624
-3068.1716334214902,4934.981644126724
-3067.859828590922,4963.412240799476
-3066.676061147754,4993.5055758438175
-3063.782018165091,5021.071971717617
-3062.828522010897,5052.083277694118
-3058.110325252203,5077.134057574791
-3069.191936717744,5128.8000405150115
-3055.472172799809,5139.312288745063
-3040.700207833944,5148.065971418647
-3450.0053306875557,5879.536735001104
-3440.6600631414685,5902.379378683087
-3431.2119858992164,5925.216730873358
-3420.6637745166317,5946.3147698141265
-3412.876121291083,5976.1359238826835
-3403.9923322097816,6000.753052930691
-3397.9400977202954,6030.595915189857
-3389.30193883247,6056.090518430719
-3378.601398953337,6078.089221703688
-3366.835365190153,6098.3256410021995
-5105.070769224932,9310.218925525069
-2808.8206893040906,5157.776200586575
-2793.9147512531445,5165.865790235948
-2777.5659751809358,5171.269404461266
-2759.3267652663408,5173.092382945118
-2741.1002163205185,5174.853196380319
-2725.186030437404,5175.341737461288
-2707.0682933168,5176.943621029581
-2688.5030247977384,5177.596690130799
-532.5247670952403,1032.7929959242365
-528.645081274297,1032.5378337109453
-525.2244309322379,1033.1603443570154
-520.452743537352,1031.0935659504637
-515.697273815434,1029.007930863183
-512.7399845859874,1030.4846957654254
-509.7784664956215,1031.9529616689767
-505.9320962825008,1031.6170384164825
-502.0918672145838,1031.267548639524
-497.9797386625203,1031.0388837874195
-494.56799341434385,1031.5708894158024
-490.72762288279677,1031.1888285565353
-486.89359027165443,1030.7932051349476
-483.06594184254203,1030.3840525899932
-479.24472371675313,1029.9614045145831
-475.42998187474,1029.5252946550581
-471.6217621556238,1029.0757569106486
-468.23411035426096,1029.523102169521
-464.8478112217709,1029.9594712425965
-461.0541639181708,1029.4722230025036
-457.2672138537546,1028.9716687715093
-453.6291269238205,1029.48803548479
-449.86952247687725,1028.9540382089117
-446.1167331041453,1028.4069527402492
-442.76612983101927,1028.7653543322992
-439.02446328822697,1028.1933284331717
-435.28974052127705,1027.6083114674186
-431.94940381229,1027.932250951495
-428.226050396179,1027.3224662987222
-424.8918652897906,1027.6239111710872
-421.1800422687218,1026.9894702452007
-417.8521567080338,1027.268501967448
-414.1520242208078,1026.6095172137298
-411.0912586683917,1026.761889167317
-407.40280256482276,1026.079410407561
-404.0880166115537,1026.3147055513434
-400.4115624038024,1025.6079078738355
-397.1035097737987,1025.8210382543978
-393.43921487481083,1025.0900371180535
-390.1380405625985,1025.2810879490444
-386.83901676161247,1025.461639999717
-383.19190969711786,1024.695057245167
-379.8999773839173,1024.8536515930941
-376.61029742070747,1025.0017970114425
-372.9807185050372,1024.199874840583
-369.4220338928343,1024.4258689014455
-366.12572328194335,1024.5467069642427
-362.4980062761659,1023.7144110765486
-359.2092232324842,1023.8133296381305
-355.9228945068584,1023.9017985948944
-352.63905300264867,1023.9798329544362
-349.034850104522,1023.1010084114441
-345.75881588867315,1023.1572905644873
-342.4853698753393,1023.2031916590918
-338.89987441413274,1022.2895260747246
-335.6344449206757,1022.3138067065269
-332.37170386907536,1022.327760782797
-329.25897953395855,1021.2333349417538
-326.0206629035791,1021.222075437028
-322.7851290406061,1021.2006465285064
-319.5524096243337,1021.1690641139115
-316.3225362656779,1021.1273441889845
-313.0955405068714,1021.0755028472233
-309.5810400874974,1020.0566551022267
-306.36264315884915,1019.9837895166393
-303.1472204141809,1019.9008592775849
-299.93480309530526,1019.8078808737362
-296.7254223738365,1019.7048708901357
-293.2424655155037,1018.6308734857729
-289.767276927295,1018.5852567272611
-286.553832284146,1018.4551542425762
-283.3435576567694,1018.3149946526394
-280.1364843094481,1018.1647951872734
-276.9326434333765,1018.0045731729315
-273.7320661463569,1017.8343460324212
-270.2778653695269,1016.6876981115154
-267.08670018106733,1016.4967754923715
-263.89889361091025,1016.2959086560063
-260.71447645703836,1016.0851154139265
-257.5334794425613,1015.8644136725176
-254.59887106948773,1016.6038632870437
-252.76026619641132,1016.0321096463041
-249.6027000449622,1015.7826992670551
-246.44865306196556,1015.5235405464232
-243.29815517381508,1015.2546516460874
-240.15123623159948,1014.9760508191483
-237.00792601082512,1014.6877564098461
-233.86825421113076,1014.3897868532775
-230.95410838915157,1015.0572396757593
-227.81900102433957,1014.7406086149662
-224.6876189149184,1014.4143502072241
-221.5599914774495,1014.0784832430439
-218.43614805127305,1013.7330266024296
-215.0427688823448,1013.436040187744
-212.13143971574354,1014.049432860216
-209.01641275453107,1013.6750658861189
-205.90528728471315,1013.2911786195514
-202.7980922734882,1012.8977903866875
-199.88835937724707,1013.4760203307587
-196.7862934940677,1013.064240160942
-193.688242924296,1012.6430094326919
-190.59423634143988,1012.2123478171086
-187.68652226365904,1012.7555328708766
-184.59786482913583,1012.3065880949921
-181.5133354421524,1011.8482638502004
-178.86370387190354,1012.3199965609807
-175.78456585612523,1011.8442500734851
-172.70963699445932,1011.3591752138516
-169.63894544762573,1010.8647922385157
-166.73518777057748,1011.3478022713601
-163.67022073281217,1010.8353272641754
-160.6095736829267,1010.3135972763054
-157.707436193647,1010.7706785266512
-154.65267444442154,1010.2309390863002
-151.60231475488933,1009.6819985326862
-148.70202827027003,1010.1132148369843
-145.8005153546803,1010.5361001578863
-142.48541670727556,1009.9989633785542
-139.44741023009007,1009.4134038044675
-136.5479452350902,1009.8097140808633
-133.51619864939425,1009.2063340557348
-130.48904497577854,1008.5938772079222
-127.59197048554468,1008.9644637288352
-124.57123418863303,1008.3342737469161
-121.67492964594805,1008.6878662379426
-118.66071447243237,1008.0399966474008
-115.76527942492461,1008.3766161904337
-112.7576887182724,1007.7111211229701
-109.86322249673535,1008.0307893822653
-106.59064068560498,1007.3765112003715
-103.68117237312038,1007.6801151632076
-100.67136183731618,1006.9802763241295
-97.76306242153744,1007.2667887039473
-94.76021856619367,1006.549303798521
-91.76233452933175,1005.8228839918721
-88.85741448751666,1006.0836743982052
-85.95175346736447,1006.3360751140174
-82.96315255480775,1005.5834700899611
-80.05896056192897,1005.8188518981653
-77.07763505287011,1005.0487740277367
-74.17501165342227,1005.2671623236356
-71.71846160851727,1005.4454049149101
-68.74644662740789,1004.6506487710566
-65.84500763996772,1004.8449805661033
-62.94301957370697,1005.0309330000465
-59.980883483570196,1004.2102835644188
-57.08075269651087,1004.3793046810551
-54.126288911502556,1003.5414016614703
-51.22811408042031,1003.693519122129
-48.32951206019552,1003.8372668236736
-45.430507022149826,1003.9726435673983
-42.488803615455794,1003.1005440968155
-39.59195038096832,1003.2190575667066
-36.57870031884947,1002.3327784139277
-33.684088820705306,1002.4342283463384
-30.78919643232609,1002.5273190208094
-27.89404729409901,1002.6120496610614
-24.97374165468888,1001.688730209023
-22.081038375718535,1001.7566709257543
-19.1881509638734,1001.8162580346695
-16.278840964437865,1000.8676232833465
-13.38854506767705,1000.910458962724
-10.49813752438683,1000.9449480908123
-7.6076424375599006,1000.971090380008
-4.712371539373374,999.988896715596
-2.268926080839979,999.9974259839071
-540.2937271489791,841.4764930783656
-907.4340101528707,417.8091875699718
-989.636235005832,-136.45923333905174
-760.4993231642167,-647.7976377440476
-292.10964919090634,-955.3391820968957
267.90914956759053,-961.3681332236732
743.351442289444,-665.9073758761074
983.9487793682015,-160.7911676051466
915.7410919904612,394.2426314341432
558.3193982910561,823.592404950357
27.0604298313794,993.6315882344628
30.151512795567413,992.5421332498378
32.96859207329929,991.4520018320122
35.8157635013555,991.3532322461126
38.623665101238686,990.2470461930939
41.46735274989309,990.1320410207499
44.310698393490846,990.0088696612172
47.15367858132862,989.8775331303609
49.945819542946516,988.7393059397323
52.78513048855002,988.5917913877835
55.62400608488845,988.4361233519687
58.46242291812558,988.2723031161717
61.30035757820873,988.1003320315118
63.8869851704284,987.9364620894572
66.72393297370377,987.7489138280642
69.49006750634331,986.5556905304251
72.32302682660973,986.3520567173962
75.15538965736705,986.1402878928785
77.98713263849348,985.9203858034513
80.81823241497945,985.6923522627729
83.73324467214267,986.452605925229
86.6532894641684,987.2042379492904
89.57834128902952,987.9472257018116
92.41521405817043,987.6858955207281
95.34734410647276,988.4117987821886
98.4520557245261,988.1073791464239
101.3913552134568,988.8153483274714
104.23067239141915,988.5200892914785
106.96141449675332,987.2224955950172
109.90670438643296,987.9051150444121
112.85679630587637,988.5789515903998
115.69538730541376,988.2507664334242
118.65215276612923,988.90730942994
121.61364244447203,989.555012099574
124.4550004378745,989.2016745163792
127.1676536123817,987.8483627939672
130.00408745117136,987.4790819283152
132.58885317244616,987.1353483765109
135.42321698062855,986.7505015466764
138.39527558653856,987.3478352107358
141.51353606437377,988.9261444165369
144.4975034809045,989.5051649626625
147.33862395233996,989.0861084313292
150.1785292375846,988.6588943392134
153.01719591430972,988.2235262097952
155.85460057040206,987.7800076338052
158.53202908435293,986.3410139269267
161.36400469424726,985.8816653072695
164.1946494425865,985.4141855557115
167.79197523221555,987.8511289904322
170.7985371632164,988.3505753035738
173.46311647683692,986.8710894651557
176.29655281472455,986.368858726615
179.30730612691028,986.842383549425
182.14063592534842,986.32336925813
184.97246350542983,985.7962201919485
187.9900065538315,986.2432546972833
190.82157993487206,985.6993074113217
193.84445956009233,986.1284528386024
196.6756791042089,985.5676928800468
199.50527655112592,984.9988043791011
202.8003427482621,985.3466501598244
205.64490493450432,984.7569106507854
208.69499654285084,985.1372485181846
211.53892945760873,984.5304877574532
214.381098357905,983.9155170373411
217.43719104205934,984.2687986275594
220.2785796640688,983.6367964554704
223.33947874460333,983.97178680798
226.17998506941112,983.3227417048794
229.24558111147735,983.639397106918
232.3148901923266,983.9465390939323
235.15528618594672,983.2715755979146
237.7921399693264,983.666050125147
240.6161066165565,982.9790889111985
243.6786402357747,983.2546568884603
246.7447391532498,983.5207337418947
249.81437409018997,983.7773012719529
252.63861065756169,983.0558134739945
255.46076356931957,982.3262178505571
258.53527340132183,982.5556027051618
261.6132055866868,982.7754222927321
264.4345162460299,982.0200540812434
267.51643224137155,982.2214406542181
270.60168371905814,982.4132169145582
273.9552690196718,982.5215064192536
277.2498388729502,982.6360093365819
280.54770674699824,982.7395302108287
283.571369128123,981.871314689864
286.5923447122035,980.9937960825041
289.61060487594006,980.1069827031088
292.912447950354,980.1690149335119
296.217414215234,980.2199975085391
299.8176868704784,981.2162629306731
303.13173150817585,981.2441864046152
306.44878598144885,981.2609956431043
309.16673585821025,979.3594485370422
311.86220501214643,979.5539623139513
315.3018213380597,980.553293534269
318.1320725675928,979.6387009524725
321.2712822377906,979.6661488534173
324.413300723633,979.6836276643586
327.5580966040576,979.6911213995597
330.70563838912153,979.6886141716885
333.85589452030865,979.676090192082
337.00883337083593,979.6535337710104
339.8363958368538,978.6762611122318
342.99187840219844,978.6345443270085
346.1499511581697,978.5827564969643
349.558984225638,978.4321726860479
352.70659998939766,978.3649903404756
355.8567100935805,978.2877909293222
359.0092829409697,978.2005595797882
362.16428686951895,978.1032815180066
364.97176516209237,977.0591643470044
368.1288471613348,976.942757733362
371.28826777791227,976.8162683997832
374.4499951156997,976.679681962235
377.61399721526675,976.5329841367922
380.78024205418916,976.3761607398827
383.94869754736226,976.2091976885304
387.0694516948902,977.1275451877391
390.2604811190362,976.9343667190434
393.82726967530505,977.6584688223667
397.0251612109668,977.443615440505
400.22509284399143,977.2184377394947
403.808703333911,977.9072200939031
407.0152836767535,977.6602471480222
410.2238017801327,977.4029018030662
413.43422445615136,977.1351708173955
416.64651845662127,976.8570410546142
420.2556275669735,977.4871904522787
423.8718438814414,978.1046262872633
427.343062375205,977.6844618995342
430.5522078661688,977.3683012567818
434.574589151983,978.8697188407583
438.20074672545496,979.4432630679808
442.2447841851484,980.9156695970513
446.3008826474868,982.372903814063
450.7852257680921,984.7241645401061
455.70558806873487,987.9657974863951
458.11955121361143,985.7461523109482
1912.491361059804,4084.4187828712693
1925.066646638503,4080.718368865951
1938.9241957732677,4079.68895420288
1953.891756082564,4078.0866844039247
1966.8993980764456,4075.160335231795
1981.2181114744487,4074.8908936026273
1995.5514777875605,4074.5727750894184
2009.0145018790313,4072.412274222705
2022.92655098094,4071.103556695206
2036.4000738756076,4068.8542292787315
2044.925952195104,4056.7384497942367
2046.1560321116358,4030.3406173986295
0.0,0.0
0.0,0.0
0.0,0.0
0.0,0.0
0.0,0.0
2103.9913943139622,3975.5784752225413
2137.033710750657,4010.1150755452486
2149.959862354933,4006.604745949213
2162.8834652813257,4003.053224179344
2176.282273159458,4000.33891908322
2191.6049312778077,4001.0888299560156
0.0,0.0
0.0,0.0
0.0,0.0
0.0,0.0
2270.1208939196435,4004.267739173977
2285.068301538829,4004.9698946811636
2296.550980039717,3999.5496741606567
2308.0211157268423,3994.0965848811193
2322.4948417226074,3993.797404748003
2340.519817236086,3999.4903406715657
2355.041393300092,3999.082524260178
2367.029308621364,3994.3236288672783
2381.5696625868522,3993.8234740967137
2396.125078430486,3993.2735454156523
2411.2122652729395,3993.529818568698
2426.8381025677136,3994.5879416938033
2440.240620615228,3994.619720761841
2456.416335543738,3995.262042278813
2472.089626538114,3994.9939772623748
2487.252962225958,3993.819938592399
2502.429912795699,3992.591706090833
2517.6202918936942,3991.309191962596
2532.8239127745733,3989.9723090364046
2548.0405883032868,3988.5809707663
2563.2701309571576,3987.1350912331623
2580.6851039152184,3988.993030130549
2594.8582591727327,3985.7554634978615
2607.938078117423,3980.7964003080087
2623.7349872653203,3977.5922008923753
2639.634507824219,3976.6642635635703
2657.2168263560993,3978.1722860793775
2672.040628783585,3975.462096175717
2686.31067753704,3971.8710885111173
2700.582245301283,3968.2307816410425
2714.290159971077,3963.7160503098835
1383.8557796513676,2008.3984119505535
1390.2194691885757,2005.215656105107
1397.7205777800766,2003.6532101264752
1404.07524347649,2000.4271320536611
1408.6923476002696,1994.7305256130317
1412.4044750170424,1989.6516275347885
1416.950256120295,1983.959669872508
1421.4750027551554,1978.258025774755
1427.150413082602,1974.167596339824
1432.2258697727998,1969.252157026506
1437.2848689747914,1964.32385451486
1441.1417417115622,1957.7720705681152
2942.317042278922,3973.148175278014
2953.7152182297045,3964.6818799997372
2969.8869118904067,3962.584476144586
2987.2749409198573,3962.023779251238
3006.497157286656,3963.7860491236474
3023.7894701644964,3960.6800224358335
3039.4780044180375,3957.483223042006
3059.453065876765,3959.768040895485
3075.170809481011,3956.443540923579
3090.894829449374,3953.0612382409568
3106.0066890666494,3948.8350747370077
3122.360886563401,3946.1229699616574
3136.8569910585375,3941.0020575542935
3144.474314133702,3927.243599237687
4222.163231320215,5242.108225522213
4239.801451966396,5233.0018773074835
4262.476336906179,5230.038668816405
4285.5840602412145,5226.648090564969
5074.629237628501,6153.431083599294
5097.09517523855,6145.232035859988
5109.946462314939,6125.436813181166
5116.299116811921,6097.957309403663
5128.341608888572,6077.369195839773
0.0,0.0
0.0,0.0
4231.9140343229055,4929.697009563653
4222.947220710188,4891.233052216598
4232.154995774659,4874.001343017829
4249.192394649872,4865.795309427811
4269.738809621966,4858.4312794983525
4286.400005222344,4849.078159323677
4301.713845535765,4838.1746548802785
4316.333831026156,4826.4777280268345
4330.922127813816,4814.736703373576
4344.136784799946,4801.468587312426
4354.6187426100905,4785.2059105652825
2110.614773604828,2305.901402367638
2114.5555449967082,2296.8541196871156
2117.782257563754,2287.0695900099263
2122.3332129749897,2278.7491597591993
2127.5374473394754,2271.1513402167257
2131.523440898285,2261.91773079861
2134.463820160392,2252.259576608856
2140.126347536021,2245.498433885477
2151.303394805581,2244.498764423359
4108.456873589304,4262.274289373784
4122.5663233981,4252.808002859272
4136.655056970743,4243.295999531305
4148.622714573374,4231.596102196646
3638.2058437087694,3690.065343432736
3642.980275283495,3674.0945434073137
3648.399656765685,3658.834369647256
3658.01049879443,3647.809642882935
3670.1626686145246,3637.0035724354616
3681.8495685418893,3632.2951084167025
3687.1126970810883,3621.246188679171
3705.9301426909997,3623.4749588612126
3733.374905258332,3634.0076797920146
3770.2210321825683,3653.4823618690443
4084.9741077438316,3940.80734609832
4101.713913860351,3939.278102501067
4119.190075025695,3938.384710234617
1587.0201102560268,1510.5787532078386
1584.5885821035681,1501.5219030926603
1556.6650275211682,1468.4665444239852
1559.5563043660375,1462.4732932645804
1563.7730189607785,1457.9636295773266
1568.710078112166,1454.121621746036
1574.373326932998,1450.940945539109
1580.0312750779244,1447.739676107424
469.4215595622951,427.6311487930955
461.7602245016752,418.21823856470263
455.5347615332897,410.1915175071382
454.4822230185279,406.8733328201015
456.4022412142306,406.22406897502674
455.3267227573891,402.91633814356015
454.9867285195233,400.2787489626468
455.2110198819133,398.50712337180175
456.35989990221924,397.1909386695981
459.01738749439363,397.1801077317716
462.436698435884,397.8093763848701
465.10347944039427,397.77223811176015
466.2501960695432,396.427489794934
465.10188237968674,393.14277178510105
466.2352304011094,391.79804738260816
469.6669796218504,392.3734550818752
473.1059207959689,392.9322940505125
1457.4162703187824,1203.3444290850769
1458.566253247931,1197.22741569273
1459.9954167186743,1190.7432062205792
1461.0787698634313,1184.6559957449094
1461.360658578235,1177.9448312887098
1461.616076337302,1171.2418389864454
1461.8450724633801,1164.547115454989
1462.8316363993329,1158.4815939622217
1463.0097182937527,1151.8014430352282
1463.1615220582437,1145.1298443269231
1463.2870983415307,1138.4668936017522
1463.3864981254364,1131.812686403617
1465.0453196067233,1126.3863509020493
463.2055188465601,354.0192753369357
464.06916747768463,352.8863950290074
465.0862705573614,351.54482066878023
463.70104163804706,348.3982548518149
459.09667488645556,342.8691340850035
455.26722899349755,337.9656050614948
452.217989945276,333.68081990107595
449.95420390131574,330.0079004986596
448.48107704997847,326.93993871671796
447.8037754647137,324.4699965783405
447.1159622347687,322.00670228254086
446.4176701346053,319.5500959029597
445.7089320823597,317.100217379305
444.25300600795333,313.9669833802551
442.6979549731263,310.9654653858075
441.9492913663734,308.54792798001466
440.36882320479896,305.56717681914154
437.9516823566138,302.03033609392884
437.1675750087906,299.64063703198445
436.3733675625736,297.2579420000398
435.5690938068366,294.88228926181915
435.58447237610335,293.071949228908
433.93048320360356,290.1522630390587
431.4304599420534,286.6910501466487
430.5830895246406,284.34873485812335
429.80189021528713,281.89773884755846
428.0831194005722,279.04451774631843
426.35168046574137,276.20326675120697
425.4484345341175,273.9153693250321
424.53567956674107,271.63478564941823
423.61344969507405,269.361551149081
422.68177917471996,267.09570111421357
422.58757126522727,265.3690724484609
420.79025382814456,262.58629492653586
419.8304681294409,260.3428086777404
418.01003576773707,257.58223928962025
416.17737941947723,254.83404179884693
415.26699144454443,252.48628837344157
413.42254136315324,249.74147091108404
412.4232006560096,247.5239454288268
411.41454699750716,245.3142281214769
411.2569872840213,243.62202365564232
409.36944747181815,240.9183585296444
407.4697917821973,238.2275567287982
406.4228079453291,236.05190357595967
406.23287085251604,234.38398972396342
405.1691130749532,232.2218547209882
404.09630136342776,230.06777093803856
402.14403158509737,227.42950085792347
401.112569067694,225.18593858390545
400.03207766456615,223.02093363487324
398.9422854299331,220.86433142529324
396.9669260598702,218.23441436807704
395.8572278901409,216.09732790373198
395.61750815821375,214.44530127444085
394.49091767690413,212.32266923349005
392.4732671615752,209.73729893254276
391.32712788921344,207.6344840771378
390.17198094743856,205.54032520055924
389.0078676362395,203.45485719713344
387.8348293832364,201.3781147922383
385.6598789722478,199.05390664619267
386.22994274986434,197.94552615160697
385.9055841525798,196.38197503807754
383.7903663073359,193.9199699094473
382.5580394773052,191.92015639656142
382.2125176601895,190.37487056820112
380.96489473689326,188.38988555150152
379.7090377433644,186.41364396419135
378.4449866304184,184.4461766865945
378.07295516096974,182.92304550234059
377.69530394189735,181.40357598525398
376.4093905377278,179.4574342706825
376.06730631524636,177.84651000453914
374.76883224030996,175.909983745194
373.46232497156086,173.98244689288705
372.1478256193052,172.0639296506482
370.8253754011703,170.15446205898087
370.40510188693133,168.66849289696054
369.9793461261028,167.1863733684698
368.6356623465774,165.298966863983
368.1978206498124,163.8272409238726
366.83974839698817,161.95554635774107
366.3899267354267,160.49430390767353
365.0176027929097,158.6384242588081
364.4860386808601,157.34969846407262
364.01718597612825,155.90858960949163
363.54306966416954,154.47147471022853
363.06370882750997,153.03837209148907
362.5791226104554,151.60930000178868
363.0130274897751,150.56739976737268
361.59435091958585,148.76332001889244
359.2424388918046,146.59082542597272
358.7349814182842,145.18337751555208
358.2224104930703,143.78005640746645
356.77564240745227,142.01105937478866
356.2518449789806,140.61871478957693
355.76054262170214,139.1345978307051
355.22848317986654,137.7451441530019
353.7579751207856,136.00108469582744
353.21480284024483,134.62281773357358
352.6666282199161,133.2488249103738
352.1134714239075,131.87912360114115
351.5553526748954,130.51373109994944
349.1153281241262,128.46200865930626
348.54535977307575,127.11070836344665
347.9705061539639,125.76377398501593
347.3907877371823,124.4212224475389
346.80622505005994,123.08307059269845
346.24773554535557,121.6614385485948
345.6436612533353,120.35970852153791
345.03501375881467,119.06233359234392
344.4218127662971,117.76932915992091
343.8040780306506,116.48071054682957
344.12984546002986,115.51471535547307
342.5550865996234,113.91669168618138
340.9740811364937,112.32842914028404
341.2881985015583,111.37039805783634
340.64809311686685,110.10393569642463
340.003573560555,108.84194947745212
338.4014165055794,107.28225066159544
341.59934750358866,107.11622559221578
341.9072451540592,106.12933482860464
339.3445908859768,104.26048453958494
337.73076260972675,102.69825698156903
336.11075751106574,101.14622427623077
333.52621236986795,99.31900957122828
332.8523986698348,98.07283364794422
331.2141360354964,96.5515203933096
328.60903366623813,94.76340534690164
326.9580314239776,93.26545816837684
328.1884223384754,92.59243728827147
330.3808542092591,92.18183753842352
330.66882115366974,91.14346228250491
329.9615463033856,89.9409693136489
329.2501160585165,88.7432311528797
328.534551728433,87.5502616820623
329.7488857277636,86.8715854655496
328.05883144265965,85.43069186467258
326.3632679978781,84.00010298651547
327.5696633532654,83.31935939881181
326.83514221454425,82.14493175843917
327.06712573671126,81.21634849170641
326.3252648871787,80.04886942557411
326.55129739118496,79.12174272685026
326.79825380326105,78.09546280763938
326.0491282750544,76.92181713322387
326.26989768713696,75.97995698357022
325.51335546329614,74.81347081258701
323.7775714918792,73.43081232576047
323.012401040717,72.27716633841575
323.21977065145495,71.34409478030307
322.44733181905,70.19770795955843
321.67097555698405,69.05637902625787
320.8907246405611,67.92012102209203
321.0855211594993,66.99319444341138
320.298135158952,65.86428936607233
319.5120499776985,64.71514443349956
318.7169296858141,63.59653081456428
313.9931076325736,61.71165497083234
312.2064420548145,60.4246434782514
315.3266075638195,60.08436204448682
316.4816620888233,59.35787699619882
315.66836107302083,58.2622160364067
315.8352900163186,57.35041046329084
315.0151628382098,56.2623069382708
314.1913933244868,55.17941972164642
313.36400476684537,54.10176075216489
312.533020495491,53.02934187754016
310.6890337183115,51.93577117153354
309.8509280102694,50.87634431810959
309.99655286079616,49.98136867297257
310.1395926627756,49.0859762352509
311.268199236855,48.34364636480714
309.4293202938308,47.143353110463494
308.5751441613361,46.101848182156814
309.6964323818475,45.355482248078246
308.8362553657122,44.31892791668824
306.9824167267535,43.148532079340136
307.1057377596828,42.261872119925286
307.2264978504534,41.37485974049117
307.3479070258812,40.46311958821603
291.5943893927231,37.53281330629241
300.63119747690223,37.813795149439855
302.72421658092674,37.18936266547412
298.85880140669275,35.838761442814736
296.9745955769148,34.74319475707285
295.0865710980899,33.65881099462543
294.1886574492808,32.6960827652135
293.28765261915373,31.73882198737999
293.3780826748044,30.891756279882657
297.4452671611259,30.451815109225283
295.5417830059394,29.394803922976326
285.6594352957647,27.707165616584422
282.7514438256984,26.601146864053288
283.82295163720397,25.87531881823665
286.88487307988953,25.319352241629183
288.9495476854231,24.66087777005109
290.0161758504662,23.908528709886603
289.0871555712768,22.991661177661527
290.1494208146181,22.233164438326003
290.21241425324206,21.39520070727578
290.2729876224396,20.55705856252393
291.3288419305526,19.786507003589517
291.384765183716,18.945147632854752
290.4416127486565,18.018589954806806
290.49243444714523,17.179800027096658
290.5408337411306,16.340866837738297
288.58965001926714,15.395255819794457
287.63417420674256,14.51143784761853
287.67487992850243,13.680769646540474
287.71318674123063,12.84998736208518
286.74996552574686,11.977364943215846
285.78411208752476,11.110413059156055
285.8150043070478,10.285101504713538
287.84241881316814,9.525855960736212
0.0,0.0
290.8879571606578,8.074427465728355
285.9119444745526,7.0964784774092085
280.93273999499695,6.147812529952494
280.9495755286817,5.323157921156995
279.96411851098776,4.482448701948427
278.976155302918,3.647570753551145
277.9857116473272,2.8185315199651146
276.99281330910327,1.9953383443050754
274.9974951832214,1.1737303583417042
272.99975752859774,0.363853441430449
261.9996635788313,-0.41986257180326875
260.9973127306575,-1.184376365586711
263.9935665062242,-1.8430527186618948
264.98717772403074,-2.60684519159209
262.978813010052,-3.3382492153978816
261.96832737480037,-4.073751643071287
263.95528564046276,-4.858722307532036
255.94214078045292,-5.442478545554474
249.92729814312506,-6.02873476589183
247.90978836346667,-6.688559903385224
243.89145428307188,-7.2772610017955195
242.87020994418836,-7.941103302808506
249.84211906197112,-8.883442048206394
248.81646618624467,-9.558564462792463
246.786934487532,-10.257142206608286
0.0,-0.0
0.0,-0.0
0.0,-0.0
0.0,-0.0
0.0,-0.0
0.0,-0.0
0.0,-0.0
0.0,-0.0
0.0,-0.0
0.0,-0.0
0.0,-0.0
0.0,-0.0
0.0,-0.0
0.0,-0.0
0.0,-0.0
0.0,-0.0
191.22108427458738,-17.27706366403578
188.18363662931165,-17.547618213512568
188.1324663673746,-18.087982157461802
192.06026816148238,-19.022444473291884
194.98937771606722,-19.87819352710063
197.91513151065132,-20.750920922252874
170.01586638026103,-18.319529987672418
173.93308842995052,-19.29457823376861
179.83845568518615,-20.472661203842954
187.72494912742064,-21.916739609424916
190.63998300393945,-22.812209017490698
0.0,-0.0
0.0,-0.0
0.0,-0.0
0.0,-0.0
0.0,-0.0
0.0,-0.0
0.0,-0.0
0.0,-0.0
0.0,-0.0
0.0,-0.0
0.0,-0.0
0.0,-0.0
0.0,-0.0
0.0,-0.0
0.0,-0.0
0.0,-0.0
0.0,-0.0
0.0,-0.0
0.0,-0.0
0.0,-0.0
0.0,-0.0
0.0,-0.0
0.0,-0.0
0.0,-0.0
0.0,-0.0
0.0,-0.0
0.0,-0.0
76.45257812553226,-15.459731497001682
78.36704074736195,-16.081260040846026
78.32053451519171,-16.30625258159165
76.31654777040879,-16.11783286943105
75.29212515493052,-16.12748863444893
75.2496455147509,-16.324547463998204
75.20245345160772,-16.540586291264702
75.15464115067152,-16.756488698823233
74.13080369450793,-16.751834037093648
73.10762086156575,-16.741438766174067
71.11099396975668,-16.4992889735658
71.06331714107746,-16.703441468950206
73.93348109788052,-17.602283168650132
74.85476479185654,-18.048938693336947
0.0,-0.0
0.0,-0.0
0.0,-0.0
77.54534194917167,-19.66519621020944
79.42155379311504,-20.401391939946954
78.39059446394123,-20.393986848821587
77.36044239947533,-20.380430607753595
77.29734247302662,-20.618458880518563
77.23351016561884,-20.856291796416077
77.1689460820537,-21.09392710201421
77.10365083406641,-21.331362545753336
77.03762504031988,-21.568595877967542
76.97086932639877,-21.805624850905886
75.94209202074363,-21.766916628519237
74.91429140807142,-21.72208421921238
73.88611989458413,-21.675822635442
73.82460714169459,-21.88440952766275
73.76250553128536,-22.092821860212812
73.69981555870619,-22.30105797070374
72.6802190522596,-22.21679001376122
71.66169402457616,-22.126943067853386
71.59891606345914,-22.32924581211226
72.48937455788504,-22.831788721137208
71.47164733323736,-22.733315364753654
71.40715757928396,-22.93507895009977
71.34209825045129,-23.13665959517398
71.27646986568115,-23.338055692080413
71.20691082314279,-23.549434197555357
71.13860969481205,-23.75496181199192
70.12211913993733,-23.640820783645285
70.05355863551628,-23.843215439623094
69.98441395734133,-24.04541126800471
69.91468568200709,-24.2474065826874
69.8443743909748,-24.449199699240513
69.77348067056745,-24.65078893491953
68.76008612396531,-24.516332438292494
68.6890030637501,-24.714790270364993
70.49727452954174,-25.595591102891643
70.42306762655355,-25.7990609531794
69.40378116128043,-25.673238216420923
70.26790191767613,-26.218732999285972
69.25765894176082,-26.064855225125186
67.31393730345211,-25.550613391989604
67.241507359636,-25.74062330255461
67.16854106799798,-25.93042789459266
66.16316346873607,-25.757247520053603
65.15930727986418,-25.578597983631543
64.15699536647634,-25.394486518650737
63.15625056488532,-25.20492044394155
62.15709568232202,-25.00990716373543
61.15955349663537,-24.80945416755872
60.16013276114182,-24.61216012790814
60.08880883447404,-24.785783281026955
59.093645616927965,-24.575212058107052
58.10020731972003,-24.35910321431296
57.10851761717171,-24.137464978103832
57.038577202047314,-24.30227789253691
56.9681611445657,-24.466888151270798
55.97957212818277,-24.234015439988145
54.992810763172926,-23.995640528351235
54.00790057379054,-23.751772052029192
53.93908686079198,-23.907632852792805
53.8698233519591,-24.063294288786032
52.88219852747114,-23.821693451581684
52.813567979201544,-23.973465275305063
52.74450184712661,-24.125039376101707
52.67500070087436,-24.27641450385303
52.605065113660636,-24.427589410081474
51.6289250474174,-24.154794522995978
50.65479317101513,-23.876597931901415
50.58601413032926,-24.02197274176558
50.51681787775308,-24.16714942863406
50.447204983987746,-24.312126795151464
50.37717602317078,-24.456903645606218
50.30673157287121,-24.601478785940557
49.34921033208806,-24.282821903545983
49.27888251876249,-24.425227485163873
49.208143770855564,-24.567429385810975
48.24359477501382,-24.260164121131986
47.28123816756889,-23.947536769814704
46.32109686277385,-23.629557453103565
45.363193734647304,-23.306236379837387
44.40755161665861,-22.977583846301187
43.45419330141373,-22.64361023607698
42.50314154034152,-22.304326019893438
41.55441904338058,-21.959741755474482
39.725264816086955,-21.140088346356638
0.0,-0.0
0.0,-0.0
0.0,-0.0
0.0,-0.0
26.27451073994309,-14.479298511206107
26.23281992910458,-14.554695413067686
26.190912761144858,-14.629972274003102
26.148789581696366,-14.705128473160903
26.106450738173155,-14.78016339068477
26.06389657976796,-14.855076407718677
26.02112745744935,-14.929866906411977
25.97814372395882,-15.004534269924504
25.9308774699696,-15.086072836806236
25.884317862595037,-15.165819753252494
25.8375130051131,-15.2454229757856
25.790463340992932,-15.324881750176724
25.74316931602319,-15.404195323565657
25.69563137830781,-15.483362944467947
25.64784997826176,-15.562383862782019
25.599825568606786,-15.641257329796291
25.551558604367113,-15.719982598196253
930.0112066631482,-576.1207820248765
928.2334311675487,-578.9807399757956
926.4468607966172,-581.8352121692991
925.4595713052444,-585.2773546614574
925.4621827551648,-589.0065774590687
925.4509935037388,-592.7406335176817
924.5854436156692,-595.9377127301277
923.7091564184575,-599.134704677255
922.822125287505,-602.3315740353087
922.7601772064486,-606.0772684748403
922.6843121917528,-609.8275658210539
923.427169840032,-614.1361917370027
923.3217965623509,-617.8979365501011
925.6908354553286,-623.3397766499548
929.6919281135862,-629.9221529684779
932.6649744857174,-636.2209092505182
934.1624177280856,-641.115884458042
934.8167226360932,-645.4561914490506
935.4539428639212,-649.8052945154753
935.2543544449373,-653.5903093618995
935.0408348374666,-657.3793708251375
934.8133596179988,-661.1724303687429
935.3867013043043,-665.5491860283897
934.3164454651387,-668.77034902378
934.8584675884865,-673.1594503370704
936.192986442132,-678.1435630724236
943.1641519961304,-687.2629645117074
953.9018631663274,-699.6858119526287
969.5906016545963,-715.4851956421446
971.5464877230468,-721.2471297641409
969.4711633727942,-724.0342971079483
968.1873373227891,-727.4161668864722
966.0943102386623,-730.1936617942416
963.1972844067488,-732.3598782780665
0.0,-0.0
0.0,-0.0
23.723601061157417,-18.362754496290872
23.67076804334242,-18.430809538332255
23.61773979911848,-18.49871257090977
23.559507926422345,-18.572818479295023
23.505776548478998,-18.640774363018686
23.451849156828523,-18.70857480208905
23.397726201169238,-18.776219231121015
23.343408132830263,-18.843707086030445
23.28889540476772,-18.911037804038916
23.234188471561016,-18.978210823678324
23.179287789409056,-19.045225584795585
23.124193816126343,-19.11208152855738
23.06890701113927,-19.17877809745474
23.01342783548225,-19.245314735307673
22.95775675179385,-19.31169088726992
22.91050090150813,-19.367729563425733
22.854785093065182,-19.433445354589225
22.798880788092973,-19.49900086697585
23.500881395921965,-20.21654207857538
24.19894243670532,-20.93827082031901
24.89304566375017,-21.66417036450851
24.83072663241403,-21.73557026871677
24.768202807824764,-21.80679090720277
24.70547470565224,-21.877831692569018
25.389286565773855,-22.613803918868122
25.32423827722187,-22.68662503940352
26.001892334706035,-23.428649022390417
25.928160870036255,-23.51022062630465
26.59902353325266,-24.258852962938526
26.528859792015357,-24.335562416668964
26.458474827703697,-24.412068937141928
26.387869227255013,-24.48837188637268
26.31704357944649,-24.56447062807408
25.516942961698906,-23.955909957449013
25.447658547527897,-24.02949592580815
25.37816192637537,-24.102881513185757
25.308453677770796,-24.17606610762243
25.23853438300844,-24.2490490988348
25.168404625142394,-24.32182987822074
25.10890010871125,-24.383255224246827
25.03644311792832,-24.457647393049466
24.250515271242172,-23.83091498619493
24.179700882899795,-23.902762710897978
24.108673630084642,-23.974400009136023
24.037434138080688,-24.045826250254596
23.261101180097924,-23.40771607588504
23.19154680147937,-23.476630016993326
23.12178825754022,-23.545337283068918
23.051826162395443,-23.613837269251707
22.981661131951924,-23.682129372506395
22.911293783903073,-23.750212991627766
22.148581563853018,-23.09632729914759
22.081793430236516,-23.160189958296183
22.014821157449727,-23.223859485570088
21.261800763222606,-22.559606120343204
21.19656622888077,-22.620910240409675
21.131154937242,-22.682025725632908
21.06556743376838,-22.742952066373377
20.999804265391443,-22.803688754568793
20.933865980507527,-22.864235283738434
20.194599802232208,-22.185088208697366
20.13045122138816,-22.243312110009875
20.066134773536525,-22.301350525254477
20.011582446144736,-22.350314718167887
19.946957500067715,-22.4080094272225
20.544905091034046,-23.214367852698537
20.477782775543393,-23.273599046938536
20.410489696661585,-23.332636163590077
20.343026415542823,-23.391478710345073
20.27539349476065,-23.45012619651795
20.20759149830325,-23.508578133049696
20.139620991568655,-23.56683403251203
19.42401536260659,-22.86280007333361
19.35791295085304,-22.9187959148642
19.291649114256884,-22.974600637495126
19.86417719505628,-23.79946353100015
19.795368123852473,-23.856726532388414
19.72639397988531,-23.913790593512033
19.657255338327346,-23.970655238516134
19.587952775722883,-24.027319993208778
19.518486869983157,-24.083784385064885
19.448858200381476,-24.140047943230233
20.004198552308125,-24.97662988234869
19.931989567450092,-25.03429231839919
19.859614370548062,-25.091745994512237
19.78707356513588,-25.148990431583947
19.0982937637493,-24.418336866247355
19.021487175999724,-24.478215327373807
18.95111082579956,-24.532741356568017
18.880578174912166,-24.5870650501647
18.80988980506083,-24.641185960125146
18.739046299253108,-24.695103640083158
18.668048241776024,-24.7488176453487
17.99699634018514,-24.00225245120471
17.92799111161021,-24.053838253011207
17.858838020603542,-24.105225669008895
17.789537637510364,-24.156414275376264
17.72009053389068,-24.207403649931518
17.650497282514657,-24.258193372135995
17.586929066055145,-24.304319081709423
17.517058036644073,-24.354725983694482
17.447042534002144,-24.404932018276963
17.37688313558742,-24.454936771378854
17.88346643404622,-25.321564491601663
17.810672799440916,-25.37281881130387
17.73773226999531,-25.42386386680764
17.664645447291836,-25.474699237115086
17.591412934119436,-25.52532450295775
17.518035334468703,-25.575739246800005
17.444513253526768,-25.62594305284254
17.370847297672483,-25.675935507025727
17.84784348735009,-26.560393123051757
17.771492262203864,-26.611540030115286
17.69499446536172,-26.662467456535566
17.61835072774489,-26.713174982284883
17.54156168147828,-26.76366218914917
17.464627959885203,-26.81392866073146
17.387550197482206,-26.863973982455324
17.851276812160556,-27.75485392099225
17.771495253442684,-27.806005762368393
17.691567123004237,-27.856928271656866
17.61149308005834,-27.90762102887054
17.531273785021618,-27.95808361591713
17.458019698191702,-28.003884520143817
17.904116235135774,-28.904024319093484
17.82103420661271,-28.955323168749818
17.737805197792873,-29.00638320723823
17.65442989511368,-29.057204013437293
17.570908986219102,-29.107785168198642
16.97291247877886,-28.300534305693112
16.891567426759657,-28.349161360915637
16.810083060289646,-28.397554604334562
16.728460051417176,-28.44571363682303
16.646699073334013,-28.49363806118588
16.564800800369902,-28.541327482162856
16.974298039148294,-29.459687813657606
16.88681479799343,-29.50992182263908
16.305089280275013,-28.690487335740062
16.219891245201175,-28.738739151080484
16.13455041933703,-28.786737966742102
16.04906755397519,-28.834483360170353
15.963443401658639,-28.881974911041684
15.396536936896227,-28.05256940728942
15.313235638832444,-28.098128305451095
15.229799531663865,-28.143439843511153
14.672909682730147,-27.307612884366954
14.121117964959971,-26.468736793048603
14.056400549437253,-26.5031621432949
13.980229318526758,-26.543420808204147
13.903942784641663,-26.583460554288468
13.827541576960826,-26.623281051317093
13.751026325608857,-26.66288197086752
13.674397661650922,-26.70226298632825
13.59765621708759,-26.74142377290146
13.520802624849633,-26.780364007605634
13.443837518792698,-26.819083369278335
13.366761533692207,-26.857581538578756
13.289575305238014,-26.89585819799041
13.212279470029285,-26.933913031823703
13.127599025970556,-26.975287650242713
13.049647143812976,-27.013084041293283
12.971586441182769,-27.050655171343326
12.893417569024967,-27.08800072708871
12.815141179186554,-27.12512039710639
457.2496094863607,-975.1162979996647
454.0098953722283,-975.5260195935822
450.77163143782025,-975.9251694115108
447.11815258511785,-975.4047147870833
443.0573731939773,-973.9610690671639
440.65443856950606,-976.1478708520515
524.0923216788253,-1169.9791615055794
523.0552144259648,-1177.01199767114
521.2679822127765,-1182.1775208147974
517.4511938436455,-1182.761709724231
514.4317156233445,-1185.168346675198
511.40264968737154,-1187.5674001473496
508.3640146764914,-1189.9588348266507
504.92562408186336,-1191.4218875551771
501.09547809317456,-1191.9531542114282
496.11183406505074,-1189.7033445782238
491.1453751417099,-1187.4347226171674
486.5757125629305,-1186.0725424458137
481.26428029633234,-1182.841364051348
476.1249802316245,-1178.4506791543868
470.48839092726695,-1174.2511119869853
465.6185359255318,-1171.8875283074585
461.1328276479062,-1170.4360363836404
457.02326635367905,-1169.8998820460724
452.92065302578743,-1169.3497689154833
448.82503396812643,-1168.785732665962
445.4480336649842,-1170.0769416170883
441.71422987617785,-1170.4228035735186
437.6317603810272,-1169.8202606835819
433.5564601198394,-1169.2039154434756
429.48837471865244,-1168.5738042509468
425.6770768993267,-1168.9033433960417
421.96036416443735,-1169.187089850985
418.24556520198064,-1169.4591259162826
413.86465423263763,-1167.8343409820159
409.1653152609996,-1165.2505073104953
404.48436133040764,-1162.6493028592638
399.4960003049979,-1159.0853919104964
395.5009741493468,-1158.341477910084
392.79513138191163,-1161.3733184306702
390.0750711089077,-1164.3991750681466
387.3408053716581,-1167.4189909771192
383.9680081965652,-1168.532656232406
381.42144771000795,-1170.4181642587412
378.3471143656796,-1172.4664008197265
375.26412964039423,-1174.5066338702552
372.1725141441767,-1176.5388305175493
368.4746006881297,-1176.6543539407498
365.07521300924486,-1177.7135003243593
361.3794535046289,-1177.8068137791936
357.68620186655767,-1177.888611454528
353.99549376196376,-1177.9589086195763
350.02233031954336,-1177.059203386846
345.4927890819119,-1174.2277175626548
340.70303529599676,-1170.4197715948303
336.1949495581212,-1168.6012818286706
331.74264832950826,-1165.7147229401044
327.3097084864763,-1162.81226117138
323.16437075854435,-1160.8573510437163
319.03296761805285,-1158.888245506364
314.1276008547928,-1154.0103337410858
310.03252480587844,-1152.01077840552
305.6944287208451,-1149.0308595721162
297.0524761768585,-1129.5945407079466
289.53091464115045,-1113.9896092275992
282.1014685691332,-1098.3509281787576
272.5504122449429,-1073.9554333328324
266.78454699302756,-1069.2193439541416
261.54223013797855,-1061.2467488074828
257.53061913528995,-1058.1110434202046
262.88637833474746,-1093.853624616219
0.0,-0.0
0.0,-0.0
0.0,-0.0
0.0,-0.0
0.0,-0.0
0.0,-0.0
0.0,-0.0
0.0,-0.0
0.0,-0.0
0.0,-0.0
0.0,-0.0
0.0,-0.0
5.908254666442635,-29.412455300373324
5.8232950211702335,-29.42939406607642
5.738286815679352,-29.44608742126873
5.65323075884993,-29.46253522674505
5.568127559960941,-29.478737345347806
5.482977928684471,-29.494693641968194
5.3977825750798045,-29.51040398354731
5.3125422095875035,-29.525868239077255
5.240381115976093,-29.53876107353389
5.155059519357257,-29.553770679083982
5.069694934908386,-29.56853383695181
4.984288074481289,-29.583050424028006
4.8988396502802365,-29.59732031925935
4.813350374856145,-29.611343403649762
4.727820961100582,-29.62511956026132
4.642252122239821,-29.638648674215226
4.556644571828901,-29.651930632692743
4.470999023745677,-29.664965324936166
4.385316192184864,-29.677752642249736
4.299596791652081,-29.690292478000536
4.2114851241551605,-29.70291893146227
4.125693775146177,-29.71495668638472
4.03986802214589,-29.726746649501408
3.9540085808517773,-29.738288722496296
3.8681161672422,-29.749582809120525
3.782191497570447,-29.760628815193165
3.696235288358818,-29.77142664860203
3.6102482563926563,-29.78197621930442
3.5242311187142588,-29.792277439327897
3.4381845926170094,-29.80233022277102
3.352109395639402,-29.81213448580403
3.266006245558937,-29.82169014666959
3.172302679904823,-29.83180342699832
3.0866169542414985,-29.840790803492272
3.0009057714766874,-29.84953206585855
2.9151698385197564,-29.858027142002946
2.8294098624841095,-29.866275961861692
2.7436265506815007,-29.87427845740204
2.6578206106161355,-29.882034562622806
2.5719927499788446,-29.889544213554952
2.4861436766412672,-29.896807348262065
2.400274098649953,-29.903823906840913
2.3143847242205937,-29.91059383142191
2.2284762617321925,-29.9171170661696
2.1553683745457497,-29.922472945430297
2.068951587392559,-29.92857229018828
1.9825175473368888,-29.934422061808732
1.896066975148656,-29.940022211510644
1.809600591735639,-29.945372692594596
1.7231191181374772,-29.950473460443142
1.6366232755195949,-29.9553244725212
1.5501137851673308,-29.95992568837637
1.4635913684797393,-29.9642770696393
1.377056746963706,-29.968378580024005
1.2905106422279333,-29.972230185328158
1.2039537759768006,-29.97583185343338
1.1097761364783603,-29.979466254870236
1.0236748498563928,-29.982529743198313
0.937565120400415,-29.985345948396336
0.8514476583068248,-29.987914847237445
0.7653231738357559,-29.990236418534447
0.6791923773052327,-29.992310643140026
0.5930559790853789,-29.994137503946853
0.5069146895925049,-29.995716985887757
0.4207692192832625,-29.99704907593585
0.33462027864879856,-29.99813376310461
0.2484685782088282,-29.998971038448015
0.16231482850592144,-29.999560895060565
0.08377569521227313,-29.99988302698682
-0.01142397300969307,-29.999997824880598
-0.10662352619237789,-29.999810523129348
-0.20182200567731104,-29.999321123619186
-0.2970184528169143,-29.998529631278366
-0.3922119089839952,-29.997436054077205
-0.4874014155815071,-29.99604040302802
-0.5825860140521751,-29.994342692184983
-0.6777647458881364,-29.992342938644043
-0.7729366526406309,-29.990041162542685
-0.8681007759296281,-29.987437387059774
-0.9632561574534495,-29.984531638415298
-1.057450433343953,-29.981357517314333
-1.1440238670220575,-29.978178887178654
-1.2305877607320428,-29.974750270238058
-1.3171413926211073,-29.971071695083648
-1.4036840409221023,-29.967143192390903
-1.4902149839594185,-29.962964794919458
-1.5767335001550682,-29.95853653751279
-1.6632388680346917,-29.953858457097954
-1.7497303662335717,-29.948930592685276
-1.8362072735026507,-29.943752985368018
-1.9226688687145432,-29.938325678322023
-2.0091144308695514,-29.932648716805396
-2.082247618735731,-29.92765017261244
-2.1686616876316585,-29.921512436449444
-2.255057672146681,-29.915125186020738
-2.4975305086167308,-31.902387706228645
-0.0,-0.0
-0.0,-0.0
-86.33481914317817,-992.2511269852581
-90.54317570296834,-1006.9374028873997
-93.82028917682148,-1010.654616245717
-95.97591808366862,-1002.4158933037709
-97.39747286544628,-987.2070361780374
-97.51932678154303,-960.0598840197806
-99.4313789014786,-950.8151244536189
-101.6422578872718,-945.5526698241496
-104.0430776293621,-942.2733350771476
-107.10152750621323,-944.9498731709718
-110.52276672891806,-950.5965064287714
-114.68764532785565,-962.1890375644238
-119.28405665994693,-976.7432179578963
-128.18451096619688,-1025.0159662894803
-133.42911819101968,-1042.4958850848127
-137.607365175853,-1051.030072381071
-139.97846961425154,-1045.6725242849463
-135.94928020613142,-993.7438267538746
-132.58259360313275,-951.8103045636071
-134.76731413963878,-947.463334931536
-136.3533150953172,-939.153221504626
-138.1855312695371,-932.8203251150543
-140.57989311603376,-930.4398388136036
-143.57065677233527,-932.0066880199736
-152.31042319711764,-970.116248181379
-165.22029592858817,-1032.8689431933121
-169.8102980671297,-1042.257387918336
-175.11050572185104,-1055.5739248322864
-180.82202481062984,-1070.8405088263069
-186.9618522493231,-1088.0538892001177
-193.29025867693082,-1105.2252602526805
-198.05708777934265,-1113.5234124078245
-202.33956362457874,-1118.851062917766
-206.29285161852184,-1122.1961768653014
-209.71622213332333,-1122.5787750417014
-213.32999833044036,-1123.93341075543
-216.76403029315244,-1124.2946033718517
-220.0097773982329,-1123.6639612665256
-222.66874568524952,-1120.0815281464818
-225.30886335667594,-1116.493133025422
-228.33140364256985,-1114.858183855962
-230.73596926665846,-1110.2778537314773
-233.19013695786825,-1104.6553127675486
-235.52416706237355,-1100.0697099409542
-236.34865377707305,-1088.639202792994
-228.72570572852155,-1039.124896987359
-222.56257249717044,-997.4717546494445
-223.66166090265884,-989.0255110169121
-224.93746051563846,-981.5559784631621
-226.85073149147036,-977.0095934133834
-227.59490838716638,-967.5931777747492
-227.8233613911215,-956.235073611322
-228.9266990243158,-948.772136223356
-229.98906422606814,-941.3108043236397
-230.61039335218513,-933.9501306161643
-232.5788538951269,-930.3698601743444
-234.77388866801172,-927.7554748961064
-236.70764653637906,-924.1674578079497
-239.12448120360156,-922.5120500508968
-241.5337311419013,-920.850398664556
-243.9353804687278,-919.1825336436594
-246.32941341149467,-917.5084850225359
-248.45373231157023,-914.8632372657952
-250.82969991757122,-913.1776725474956
-253.1980066912312,-911.4860226068128
-255.5586373239901,-909.7883176261967
-261.42842444542515,-908.1190334377882
-264.04973025146785,-907.3603142931297
-266.6688341576344,-906.5940287080034
-269.285714323323,-905.8201830724339
-271.90034892647856,-905.0387838394879
-274.8032058105039,-905.2067156601689
-277.41604588490117,-904.4093860003811
-280.0265725982633,-903.604514507796
-282.6347641815149,-902.7921078942037
-285.24059888505354,-901.9721729342297
-287.8440549789302,-901.1447164652782
-290.4451107530314,-900.3097453874745
-293.2628111349926,-901.4992643398006
-295.8505778559576,-900.6533381841739
-300.32473936619755,-905.4949204300516
-301.65383052253145,-900.8357045161364
-302.95864791038395,-896.176354104655
-308.1148604305822,-902.8738742381701
-309.72944907841566,-899.1488577391294
-311.32519156275407,-895.4220374205755
-314.22654420140924,-895.4678547660099
-317.1307249483476,-895.5043848545553
-318.69159414886434,-891.7649173514595
-320.2336088106847,-888.023893703365
-323.70620156492225,-888.8927354121024
-325.237039136795,-885.1383329025643
-328.13932222080024,-885.1330889829359
-332.445529906162,-888.8649895487002
-336.42299802430426,-891.6437441043025
-343.26499533001,-901.8836637732653
-347.6600158397722,-905.5564661501178
-357.85680418812507,-924.1317588397566
-368.5275071379662,-943.5870264488996
-372.3502475126704,-945.3101571321727
-368.4333971483024,-927.5024700052078
-368.13539927719853,-919.0083393522702
-368.1351326407185,-912.5417930788708
-371.5078688134549,-913.3334021099222
-372.23209141046544,-907.6366399194068
-373.6908671343666,-903.7915333860819
-377.823882739486,-906.4067043174709
-381.58758991489304,-908.0836477015449
-381.07354524129727,-899.617670523
-384.0482335383604,-899.4392443717724
-388.2110174054124,-902.0067660306404
-391.1978132394063,-901.8055615911373
-394.5872481208594,-902.5108883666763
-397.9839540211656,-903.2041697986556
-400.81948496772276,-901.9494112588629
-403.83112938931947,-901.7008478071576
-407.6674167440495,-903.2653415941704
-410.688096791713,-902.994621885203
-414.1272363804691,-903.6230586300214
-417.5734232338987,-904.2391476864532
-421.4484850290814,-905.7495097799899
-424.911254643573,-906.3395752571024
-427.9538398703494,-906.0129750396643
-430.9980785914585,-905.6763529266241
-433.6116235966677,-904.4279738496934
-437.09138633697205,-904.972994066687
-439.73846125083827,-904.8016830757695
-442.78915518628156,-904.4262070779566
-445.84134387497,-904.0406495792989
-448.8949945097478,-903.6449988264714
-451.9500742280739,-903.2392431716187
-455.0065501123574,-902.8233710725764
-458.064389190296,-902.3973710930906
-460.66835255323997,-901.0708456918821
-463.26847442167474,-899.7368062978273
-465.8647331132918,-898.3952640354253
-468.9200092576176,-897.9326394100149
-471.5110344518383,-896.5747846053654
-474.63723008008947,-896.0555227338874
-477.6934447800326,-895.56349457433
-481.22395174770224,-895.9422460540218
-484.28489984261824,-895.4284649174523
-0.0,-0.0
-605.8004491640044,-1104.8103076061025
-607.5383367849582,-1100.4299929284764
-609.7418400469426,-1096.9229182108324
-613.3952788434548,-1096.0302148629664
-617.0486424204572,-1095.1255511981585
-621.1952958765202,-1095.0787206319383
-624.3549893498205,-1093.2803150491577
-627.2879050061102,-1090.4466443769934
-630.0196016387142,-1088.8706541876293
-632.7473387984337,-1087.2878207924066
-634.9659553841678,-1084.8351190402489
-636.1616424126178,-1080.6546001025863
-537.4852832696467,-907.8185778384069
-535.1548444635307,-898.7353851091067
-535.3511341645129,-893.9592625778704
-536.5586969466343,-890.9010970533877
-536.7181620949023,-886.1318268053969
-538.4177310679365,-883.9294920250456
-540.6319839807492,-882.5769416300423
-542.8769826507825,-880.0230574865536
-545.4020434425028,-878.4603639372367
-547.9226059905592,-876.8904252211415
-550.9709886258713,-876.1597854801543
-553.4849212787308,-874.5738630424975
-556.5314815735759,-873.8241871323547
-559.5782964231561,-873.0642188133462
-563.1673600756222,-873.1343107136807
-566.7614325383001,-873.1909748658273
-570.3604662473656,-873.2341831044452
-573.4151652760064,-872.4282481851961
-576.4699348067095,-871.611963125764
-581.4223891947918,-873.125996258856
-586.1540898962004,-874.7756186005397
-590.3410074683369,-875.5760931531131
-595.0987571747647,-877.1872486584894
-599.8706112542935,-878.7782710976645
-605.7888087603469,-881.9976866073515
-612.8674625075394,-886.835651854147
-623.9750434263142,-897.3873997227337
-636.8679299721836,-910.3407272955252
-0.0,-0.0
-0.0,-0.0
-0.0,-0.0
-571.9234387080679,-798.2653570438459
-561.9340668267897,-779.5839304010217
-559.4740728532491,-771.4906103155095
-561.0979870003301,-769.0728502451359
-563.896045872881,-768.2644397920092
-566.694084285583,-767.4462944309032
-571.2810497047184,-769.0266329902204
-577.6776353335213,-772.9900061679137
-583.5007349220379,-776.1236321266358
-766.6934367930221,-1013.7170088237172
-770.2070330639217,-1012.3068340275447
-773.7188480637215,-1010.8848322884998
-775.0599627504612,-1006.0725889026367
-769.9985992275072,-993.5548083461108
-770.4051055831102,-988.1725422675318
-618.974643200299,-789.2270846056048
-613.818415832172,-778.0153934115202
-610.4676319409833,-769.1900092645302
-608.3188763828394,-761.9535055607525
-606.7596248022937,-755.5155575564144
-607.0535547689889,-751.4266309110518
-608.5902718171495,-748.8944391898821
-610.7503336849328,-747.1338768278034
-612.9053025307187,-745.3670841469511
-615.3617668715259,-744.6380972477529
-616.2192594467385,-741.3297675710271
-618.9871480924281,-740.3241928347353
-622.3979760611016,-740.0741580375877
-624.5207958381403,-738.283668765398
-628.5825345281742,-738.7719521517697
-630.0513812298539,-736.2039506891778
-632.8154418210961,-735.149383862063
-637.5423190063261,-736.3530345398434
-640.3111191534425,-735.2731945939997
-644.3967545459924,-735.6879927867466
-647.1679371566287,-734.5846861434248
-650.7993135494962,-734.0444492559727
-654.2474407658419,-733.6547459475378
-657.6987331607222,-733.2512368886814
-661.1531397176752,-732.8339005814757
-665.9546145992556,-733.8838132115716
-669.4193674357758,-733.4348713429746
-672.8870695581751,-732.9720264931068
-676.3576695274536,-732.4952579173411
-679.831115809492,-732.0045450522975
-683.9899815077101,-732.230636614641
-688.1558049920104,-732.4387947506592
-690.9548496236746,-731.1753522798243
-695.1882079601753,-731.2963527278938
-699.3703225496956,-731.4541352243042
-702.1728048552992,-730.1522800906959
-705.6688348395797,-729.5591103784187
-710.5619087246861,-730.3853598406329
-715.4656158522594,-731.1894094782468
-718.9769868171335,-730.5457497154819
-723.1940910977966,-730.5985947161628
-727.4174785022052,-730.6331582740369
-730.2319004602143,-729.2361562280519
-734.4635673838407,-729.2381423004439
-737.989659097236,-728.5192262840737
-742.62105360574,-729.5169434231809
-746.7203002364499,-729.6196222791614
-750.825421709532,-729.7055475427767
-754.2173706037966,-729.079664974614
-758.3321993064168,-729.1339215090003
-762.452726426011,-729.1713378661716
-765.1297817615089,-727.8134493546995
-769.2578322932662,-727.8209858581059
-774.1196495275507,-728.4969239573644
-778.2605264117191,-728.4686355838211
-781.6748966005254,-727.7419570318575
-786.5584147470832,-728.3610781683459
-791.7861863604272,-728.5949732799498
-795.3509457740565,-727.6681063893852
-799.6566375462029,-727.3996577042781
-803.2256615614674,-726.4416952578804
-806.7957663096353,-725.4692215834167
-811.8579132978762,-725.8152165776205
-816.1812583601499,-725.4737441848893
-819.7599958888887,-724.4512054929918
-824.090801648897,-724.0741333853034
-829.1792987719649,-724.3360342327534
-832.7660701419729,-723.2632110236872
-836.3535057881317,-722.1757496315572
-840.5170573890668,-721.938415820923
-845.6287243931835,-722.1191456270616
-849.9860172980688,-721.6292471884486
-854.3474518909592,-721.1202614317706
-858.7129544309832,-720.592160582123
-862.314584102716,-719.4043077739805
-866.6861642431346,-718.8401023242388
-871.8331304524064,-718.8928937230895
-876.2141648817367,-718.2880600849501
-881.3740717791637,-718.2957229410582
-885.7642375843403,-717.6501344085657
-49.842614609299474,-40.14615509496329
-49.18773362787706,-39.3645381092299
-48.518031183180035,-38.6005265522113
-48.62868625906786,-38.46103057273875
-48.73894026627163,-38.321217383073915
-50.42455978886532,-39.412736140734346
-51.32718860711216,-39.88132031026475
-50.65010250227828,-39.12246306802146
-49.969087591967096,-38.36782877915194
-50.07906840951087,-38.224166534216685
-50.18863619623664,-38.080189032642764
-50.29779004847598,-37.93589746189525
-50.40652906597435,-37.79129301202968
-50.50529358635046,-37.659199669623185
-49.8098523958702,-36.918540116066666
-49.91567172171834,-36.77534114824291
-50.02107936437471,-36.631838873074976
-49.31758938263549,-35.89951778904222
-47.800140507081245,-34.58535192105599
-47.89926754002824,-34.44793417795611
-47.99799952022599,-34.31023232297307
-47.28114350399589,-33.59305685635868
-47.37742294863731,-33.45713368993129
-46.654806271300615,-32.746435711194714
-46.74865692480499,-32.61231478639444
-46.850880669638194,-32.46528885562736
-47.767500699556756,-32.89780960668726
-47.86178148857695,-32.76049255947951
-48.782489388051616,-33.18536920247583
-49.70602558090793,-33.605223120076545
-49.80232996560975,-33.462335991328054
-49.898223601914324,-33.319172879490274
-49.99370569893178,-33.17573496531158
-50.08877546916645,-33.032023431806735
-50.18343212852341,-32.88803946424726
-50.27767489631484,-32.743784250151556
-50.37150299526655,-32.59925897927516
-50.45667493789014,-32.46727512761255
-50.54970820430028,-32.32223693465688
-51.48636330089348,-32.71321436435755
-51.58009862316168,-32.565218040493974
-52.520513592701015,-32.94837859377769
-51.766292266090716,-32.26842086346459
-51.85874905110571,-32.11962245815543
-52.80243022770185,-32.49466667083505
-52.89553248528476,-32.34289169351103
-52.13355012042408,-31.671642708284494
-52.22429153001833,-31.521792052287513
-52.31460221590824,-31.37168141798091
-52.41290093566016,-31.207175705415487
-52.498364788987914,-31.063188736547218
-52.583433087136996,-30.91896771838585
-52.66810518915023,-30.774513737581728
-52.75238045705555,-30.62982788254064
-53.70242642399998,-30.984663886749985
-54.654811329137324,-31.334511302658004
-54.74061626296381,-31.184369981626084
-54.826008747101035,-31.03399369824645
-55.782591124468944,-31.373596023413047
-54.99555379582076,-30.732540778318103
-55.07970508294591,-30.581466413102294
-55.132995892580546,-30.485287663210535
-55.220799069834705,-30.32595175899583
-55.308141763108985,-30.166362967912445
-55.395023244056205,-30.006522620764855
-56.36210061020982,-30.320184940144834
-56.44942189187776,-30.157300410892084
-56.53627244413047,-29.994164401147327
-56.622651542724704,-29.83077827129516
-56.70855846734873,-29.667143383805776
-56.793992501628246,-29.50326110322374
-56.87895293313231,-29.339132796156722
-57.853492788588404,-29.630615453627502
-57.925721261316546,-29.48916438891174
-58.01017102176727,-29.32268845152696
-58.094142339044986,-29.155970673101944
-58.17763452059004,-28.9890124286539
-59.15696452206826,-29.265227635109174
-59.2407660910233,-29.095216667841868
-58.42522938454244,-28.486708679024304
-57.60669358934601,-27.88312847768703
-58.58788442967446,-28.150662479861975
-58.668487474762316,-27.982290424903706
-58.7486066471636,-27.81368758393689
-58.828241286089444,-27.64485534752608
-58.91479971220237,-27.459904859104658
-58.993850655105405,-27.28966076892711
-59.07240965070603,-27.119189111387033
-59.15047604390397,-26.94849130804064
-59.22804918370681,-26.777568782329872
-59.3051284232353,-26.606422959570658
-59.38171311972886,-26.435055266940946
-59.4578026345508,-26.263467133468957
-58.61749792806771,-25.69024983632852
-58.69143983781913,-25.52087164976261
-58.76489232205953,-25.35128064569419
-58.83785476827167,-25.18147823833563
-58.89920902019265,-25.03763520773591
-58.97087061538416,-24.86838191084457
-58.119513877649844,-24.313002830289538
-58.189097648294606,-24.145991693803648
-58.25820150005578,-23.978781411466638
-58.32682486299422,-23.811373362357728
-58.39496717113373,-23.64376892718701
-58.46262786246552,-23.475969488284623
-58.52980637895304,-23.30797642958883
-58.59650216653655,-23.139791136634695
-57.73156047394493,-22.606789361677148
-57.79624584503403,-22.440899407563553
-57.866460680978136,-22.259216703577238
-57.930497850357916,-22.092021609840888
-57.99405193969076,-21.92464229164185
-58.05712241900168,-21.757080144749498
-58.119708762348544,-21.589336566457657
-58.181810447826436,-21.421412955573103
-57.304016845353004,-20.91051537833296
-57.3641616845776,-20.744950089736022
-58.365202398645536,-20.916575937880975
-57.48301579329181,-20.413301920761473
-57.54172407166186,-20.2472218059844
-57.59995251195357,-20.080972850454586
-56.703784510788296,-19.613281779296543
-55.81418270523169,-19.12529761721411
-55.86917854267319,-18.964041999713704
-55.92370848932493,-18.802628241844456
-55.97777209046392,-18.641057689629037
-56.031368895256044,-18.4793316903976
-56.08449845675972,-18.31745159277668
-56.13716033192968,-18.155418746677825
-56.18935408162074,-17.993234503286246
-56.24107927059137,-17.830900215049645
-56.29233546750731,-17.668417235667103
-56.34312224494527,-17.505786920077426
-55.438970557598736,-17.04466319742637
-55.48795966451161,-16.884499763674764
-55.53648605960335,-16.724195530771688
-55.58454933821431,-16.56375183548761
-55.63214909954678,-16.40317001575599
-55.67928494666831,-16.24245141066199
-55.72595648651502,-16.081597360431413
-55.772163329894816,-15.920609206419693
-55.817905091490765,-15.759488291100348
-55.863181389864174,-15.598235958054136
-54.94406095353614,-15.170700904510158
-54.987640640761256,-15.011974445838264
-55.02415762583136,-14.87756961226077
-55.0629184027955,-14.733465884410354
-55.10130178468229,-14.589261175034466
-55.13930750841631,-14.444956472496036
-55.176935313510576,-14.300552765843339
-55.21418494206835,-14.156051044803162
-55.251056138784826,-14.011452299774216
-55.28754865094895,-13.866757521820062
-55.32366222844514,-13.721967702662507
-55.35939662375498,-13.577083834674712
-54.422913844731575,-13.196455912438182
-54.45727554177764,-13.053931996410386
-54.49801687551694,-12.882785282533845
-54.53499155694043,-12.725356414829228
-54.57151147330474,-12.567821430899189
-54.607576320071814,-12.410181644421304
-53.6674146215609,-12.033644827626897
-52.725541762579894,-11.662643175646037
-52.75900040240488,-11.510337811682238
-52.79201908708812,-11.357936463483293
-51.84636425348655,-10.997932246326677
-51.87790705827292,-10.848168474594999
-51.90901725531884,-10.698314240431133
-51.93969458519765,-10.5483707934633
-50.991962244423874,-10.189199500610938
-50.039840534379096,-9.849586757519885
-49.086196838821266,-9.515528356349597
-49.11332164503842,-9.374520627264134
-49.140041385505356,-9.233435581126928
-48.18302872305206,-8.910428893916382
-47.22457419939751,-8.59299666505225
-47.24905730437387,-8.457339052444004
-46.28829341260675,-8.148244777154579
-45.326151985115146,-7.8447400353512
-45.34849403348621,-7.714537503626884
-44.3841476740445,-7.419395881647673
-44.40214416239213,-7.310922909055072
-44.42307094563313,-7.182671352585015
-43.45599112477963,-6.897596346777169
-42.4876435468961,-6.6181678606619085
-42.50657782822144,-6.495447739251986
-41.536200494310194,-6.224471744370401
-40.56462086089113,-5.9591555116606925
-39.59186352720772,-5.699503701460232
-39.60815703520436,-5.585149619714036
-38.633517246092964,-5.333980239543213
-37.6577653934028,-5.088487552842665
-36.68092613834333,-4.848675863924207
-36.69597766479438,-4.733415598160846
-35.7172735392023,-4.502929149542419
-34.73755640141738,-4.278104166374012
-34.749699250268655,-4.178325264490305
-34.76155549840703,-4.078511901560191
-33.779607189531575,-3.864988760778851
-33.790567580803675,-3.767962654690165
-33.8012492818722,-3.670905472050995
-33.81165220463904,-3.5738180133476294
-33.82177626330531,-3.4767010793160593
-33.83162137437209,-3.379555470935375
-32.84585841379872,-3.1858413426734815
-32.85354483190164,-3.105574339510961
-32.862375886823926,-3.010689468061009
-32.87093290374074,-2.915779490595022
-32.87921581129547,-2.820845198563383
-33.88380710224812,-2.808490031607694
-33.891775964452705,-2.71063128723656
-33.89946220452678,-2.612749939022202
-33.90686575837508,-2.5148468031932016
-33.9139865642597,-2.4169226961598245
-34.918495873471116,-2.387183682580895
-34.925243805710316,-2.2863388007233296
-34.931700497773036,-2.185474853180193
-34.938393977331785,-2.0757230751586584
-34.944211076613186,-1.9753764788272743
-35.94830397010048,-1.928585407301942
-35.953694346533474,-1.825339101659396
-35.958788192215025,-1.7220777413976673
-35.96358546513326,-1.6188021781725521
-35.9680861257223,-1.5155132637567954
-36.971520418442154,-1.4514399569787895
-36.97553628232252,-1.345257088682486
-36.97924718773455,-1.239063125278949
-36.98265310407228,-1.1328589426107407
-37.985368976305836,-1.0543925900263542
-37.98849399274362,-0.9350530269893212
-36.99122059685536,-0.8059768946961299
-36.99334935306572,-0.7015009921819689
-36.99518303405945,-0.5970194941874503
-36.996721625210306,-0.4925332341030306
-36.99796511424581,-0.3880430453570193
-36.99891349124735,-0.28354976140906246
-36.99956674865024,-0.1790542157435937
-36.99992488124382,-0.07455724186295554
-36.999987886171475,0.02994032671895322
-36.99975576293064,0.13443765648372008
-36.999228513372834,0.2389339139146075
-36.99829529785481,0.35516904810880917
-37.99702990908544,0.4750979773335328
-37.995490246178356,0.5854237376172111
-37.99363024908326,0.6957445622825722
-37.991449933481505,0.8060595212315556
-37.98894931775501,0.9163676844155534
-37.98612842298608,1.0266681218432525
-37.982987272957246,1.1369599035885072
-37.97952589415107,1.2472420997980125
-37.9757443157499,1.3575137806994793
-37.971642569635655,1.467774016609171
-37.96722069038954,1.5780218779397401
-38.962284452446866,1.7147566143967212
-38.95717025862785,1.8272617328345426
-39.9504935410902,1.9894888346785695
-39.94458187652121,2.10484648131235
-39.938337115721325,2.2201865757176025
-39.93175931076533,2.335508156077971
-39.924848516505264,2.450810260731596
-39.917604790569975,2.566091928178917
-39.91002819336459,2.6813521970907637
-39.90211878807004,2.796590106316621
-39.89387664064253,2.91180469489218
-39.885301819812994,3.026995002047781
-39.876144994151694,3.1453235772159616
-39.866895909507555,3.2604617066436448
-39.85731437645261,3.375572647214769
-39.84740047488685,3.4906554390239912
-39.837154287481894,3.6057091224005915
-39.8265758996803,3.7207327379165855
-39.815665399694794,3.835725326394794
-38.80931230654491,3.8519187806938504
-38.798027219122886,3.9639732471599225
-38.78641859654224,4.075994658215607
-38.774486535606805,4.187982079718881
-38.762231135817544,4.299934577811294
-37.75497914851592,4.3083116757179685
-37.74245060427517,4.416720772682941
-37.729610776383524,4.525093442416869
-37.71645977073842,4.63342879110825
-36.710813545914164,4.616943664062315
-36.69740296096135,4.722352795040352
-36.683689711465306,4.82772297806475
-36.6696739105271,4.933053344087005
-36.655355673743074,5.038343024387239
-36.64073511920393,5.143591150581028
-36.6258123674938,5.248796854626577
-35.621112202724596,5.209257666971834
-35.608277259790626,5.296280826190928
-35.592834602144734,5.3990855692763935
-35.577095137310074,5.501845289608577
-35.56105899653738,5.6045591302784485
-35.54472631355141,5.707226234759434
-36.51498881412053,5.971230350995758
-36.49759330898493,6.076650611310331
-36.4798934519148,6.182020198684544
-36.46188939050851,6.287338234445691
-36.4435812749012,6.392603840351058
-36.42496925776348,6.497816138594973
-36.4060534943002,6.602974251816522
-36.38513001649597,6.717314469539434
-36.365688812085644,6.821779622836621
-37.32827058921148,7.113382797137333
-37.30768804428601,7.2205548810488835
-38.26802932253667,7.52050076587148
-38.24627371806382,7.6303700226752404
-39.20431043550943,7.93864240762904
-40.160883880614314,8.252478774756934
-40.13701833497337,8.36778101876547
-40.1128217563072,8.483014248881592
-41.06605762086616,8.807889161410944
-41.04059328382831,8.925788643665438
-41.99529575818176,9.240948770707519
-42.94444548807899,9.579906143664063
-42.91660232093163,9.703877844810597
-43.86313766658751,10.051127003574846
-43.833929913860665,10.177749668111867
-43.804356631789055,10.30428746081156
-44.74718291291601,10.662533533735656
-45.68829733439244,11.02630884222591
-45.656265917097244,11.158197995523501
-46.5945740671374,11.530206741513673
-46.561083753804624,11.664710869592554
-47.49652194386764,12.044932678753298
-47.45844734834758,12.194087718403546
-48.38785734172841,12.594255114000974
-48.34825483642911,12.745440528742384
-50.24050715962233,13.412361475293501
-51.163691093955094,13.830282485992115
-51.12021155186058,13.99013834431313
-51.076232557364186,14.149857516810936
-51.99461783335785,14.579427847589415
-51.948792612782206,14.741877291381353
-52.86361650822501,15.180186088165064
-53.77619849882197,15.624355187184458
-53.72709842382639,15.792368250407284
-52.71869839595568,15.676059435848664
-52.67421493245696,15.824888032758032
-52.629311316264484,15.973590403403819
-52.58398790554922,16.122165361670643
-53.49348588113667,16.56644102650389
-54.40088617360917,17.01598023993969
-54.352611721393046,17.169554422392196
-54.303903728852575,17.32299165293084
-55.20660052458308,17.78289229903569
-55.156156902780666,17.938738966712254
-55.105273331224275,18.09444254712099
-55.05395021578365,18.250001798301703
-54.9963445583856,18.422868539272873
-54.94320993956368,18.58073414957091
-55.835994968635546,19.06152317792326
-55.781022763116155,19.221797509616984
-56.67009203337838,19.710420313337412
-56.6132528490865,19.873087375780315
-56.55594674280747,20.03559053346632
-56.49817418717766,20.197928446138526
-57.38060125299179,20.699434771151537
-58.26060602556386,21.206173288314695
-59.13816573864089,21.71813419861478
-58.13784336039032,21.54045425246921
-59.006496292612916,22.073363931894427
-59.87810388833251,22.596740356477493
-58.878029218379325,22.413783155899193
-59.74659955830767,22.94218475253021
-60.61260134052109,23.47578664784337
-59.613102334658876,23.28686389442529
-60.47600789817519,23.825458415313904
-60.406954430761544,23.999997008331015
-60.337397232231055,24.1743354663568
-60.26733688261832,24.348472335590056
-61.12287818101762,24.89967395104765
-60.12570907125849,24.69613550089132
-60.0651855982979,24.84297645295398
-59.070614105798214,24.63052068397811
-58.999635202478146,24.800061410700216
-58.928169695306096,24.969397597082875
-57.93658976473508,24.7457383489116
-56.9467880676114,24.516592927700053
-55.958787927469416,24.281969724231672
-54.97261263425291,24.041877217978996
-53.98828544399802,23.79632397697995
-53.005829578516845,23.545318657712592
-52.02526822508131,23.288870004969002
-51.9581714028236,23.438183045509383
-50.97403133758859,23.187240655035605
-50.906860484300594,23.33434283694217
-51.747109140803836,23.90055847819746
-51.67787520020828,24.049890120158523
-51.60821031992974,24.199021211071695
-50.633937623341154,23.920793480894332
-50.56464989101749,24.0669105079739
-50.49494050215109,24.212826842073216
-51.32525307443934,24.793515217587746
-51.2534422814362,24.941624933101064
-51.1812040880788,25.08952666142639
-50.211898059973215,24.79446093817847
-50.1511639280817,24.917077610720664
-50.07939885644355,25.061001779203494
-49.114234666418035,24.75463498280718
-48.151250557551556,24.44293496583197
-48.08085540253124,24.581117626358697
-48.01006369710238,24.71909755230097
-47.93887602512473,24.856873605659292
-47.867292973723956,24.994444650115298
-46.910216704892306,24.66640567046692
-45.9554266864381,24.333079502344386
-45.88535607559995,24.464956525925054
-45.81490702189619,24.596631772968582
-45.737408464005405,24.74044193212253
-44.787586264362105,24.39410003694178
-43.840153068879964,24.042482793945695
-43.770542258126284,24.16898074867001
-43.70056644661489,24.295277159254564
-43.63022621787127,24.421370972518687
-43.55952215845961,24.5472611369714
-44.35822395513776,25.166405534876098
-0.0,0.0
-0.0,0.0
-0.0,0.0
-0.0,0.0
-8225.730310745197,4820.219585754132
-8190.816004460748,4834.217018408428
-8152.4563500271315,4845.999531665505
-8122.6832873329595,4862.726109260303
-7966.139733423774,4802.89722433939
-7924.590372620575,4811.684572597136
-7863.441821659604,4808.260778844538
-7803.2440596344295,4805.026341840385
-7755.041932004922,4808.840778487615
-7738.276521304339,4831.998083591301
-7720.5955720628945,4854.5652753509075
-7705.383840046617,4878.673987627013
-7691.705442068525,4903.93223775099
-7677.51217586969,4926.123302290825
-7664.935057105675,4949.358197822465
-7653.12626991097,4973.1064031245705
-6915.618950000709,4522.320592172903
-6895.8480754588345,4537.874427547626
-6875.211332186758,4552.799703234349
-6858.70678230308,4570.416313027702
-6843.818969628272,4589.089442466362
-6829.70946848269,4608.274034399202
-6677.382100453445,4533.608858794938
-6641.142723654756,4537.0775091514015
-6616.023232011591,4543.66730664591
-6601.3018014269155,4561.5118685012485
-6577.500811425433,4573.0300759668935
-6556.965860428913,4586.742057841244
-6603.463301966435,4647.568979540008
-6590.905031898885,4667.091906154191
-6580.732424830889,4688.321741602145
-6514.410573683132,4669.333986500153
-6495.296348202879,4683.928836887078
-6464.010801544242,4689.643947840748
-6437.592514503912,4698.755432793157
-6414.399439096706,4710.121424731623
-6386.703835623046,4720.7391493322175
-6365.822986011441,4733.792001215134
-6339.315015991155,4742.570413607907
-6295.231787007073,4738.005671994889
-6254.417033210233,4735.640672041081
-6211.282153085561,4731.261778295596
-6195.212436290522,4747.353775444931
-6175.933638780599,4760.950292680887
-6158.208469346271,4775.700728487062
-6142.814993786801,4792.233816510632
-6130.524080931092,4811.187326754592
-6115.820261087983,4828.250877291455
