-2.8562896879776267,-38.895264611753866
-2.967979508425076,-38.8869013632813
-3.0006795976718563,-37.88134002318445
-3.1912847924607424,-38.86921277017852
-3.3028984143221063,-38.85988757143629
-3.5895865796582735,-40.842561968945304
-0.0,-0.0
-1683.7295516560614,-17973.306840892692
-0.0,-0.0
-0.0,-0.0
-0.0,-0.0
-0.0,-0.0
-0.0,-0.0
-0.0,-0.0
-0.0,-0.0
-0.0,-0.0
-0.0,-0.0
-0.0,-0.0
-0.0,-0.0
-0.0,-0.0
-0.0,-0.0
-0.0,-0.0
-0.0,-0.0
-0.0,-0.0
-0.0,-0.0
-24.727865976742347,-169.20263781701593
-26.098380479192134,-175.06534361878516
-26.60103531308327,-174.98967089594774
-26.184709032530012,-168.9833157825995
-0.0,-0.0
-0.0,-0.0
-0.0,-0.0
-0.0,-0.0
-0.0,-0.0
-0.0,-0.0
-0.0,-0.0
-0.0,-0.0
-0.0,-0.0
-0.0,-0.0
-0.0,-0.0
-0.0,-0.0
-0.0,-0.0
-0.0,-0.0
-0.0,-0.0
-0.0,-0.0
-0.0,-0.0
-0.0,-0.0
-83.23793196990337,-394.31008949984243
-86.3628479163746,-402.8466935445457
-87.10091480504919,-400.64127425930985
-87.18118160456656,-395.50529904671515
-87.01443986438478,-389.3963113013365
-86.59225530191547,-382.3163367183358
-86.12991923898869,-375.2421045297093
-85.85398916013877,-369.14779228012566
-85.54359128315632,-363.0582515112145
-85.66304937577743,-358.91899082055147
-85.99427953131435,-355.7541059325811
-86.07018833517134,-351.61900215993467
-86.36350697942795,-348.45709156539533
-87.45778923118196,-348.1840534872241
-88.60088849294027,-347.8949303428573
-89.74303199713742,-347.60205437822253
-90.12472936675526,-344.4031549747608
-91.25539631236425,-344.10529296114197
-93.68262210813907,-348.63242292555583
-94.82716041405841,-348.3228526063233
-95.97067579823175,-348.00952485072975
-97.11315592530343,-347.6924430387116
-97.98241509581928,-346.40936236191794
-99.39496112268979,-347.0470309675894
-101.09123809710367,-348.6395869375632
-102.22365690641436,-349.35129020611856
-103.51566485279758,-350.01358135090027
-104.5259753640244,-349.7131974549994
-105.53541423742726,-349.40989731507983
-106.83587435137876,-350.0601319081858
-108.14096748088743,-350.70576150428104
-109.74809817175665,-352.30151141839065
-111.0651657278572,-352.93700423991197
-112.08388679584456,-352.6148072908117
-114.01871379441542,-355.14607263021674
-115.35223014714114,-355.76658499651285
-116.06793030861323,-354.48164346532093
-117.49515078908124,-355.0646272737557
-118.51436074552866,-354.7257339087181
-119.85219911032065,-355.3314654916168
-121.51681721796878,-356.87905953307876
-122.86626440562522,-357.4743082670515
-124.220130068697,-358.0647417517061
-125.90886712457417,-359.59415620864354
-127.60740776019166,-361.11680864330333
-128.97984201449134,-361.69075237544695
-130.35662251758686,-362.25978380964034
-131.73773235160863,-362.82388272391324
-133.12315451840584,-363.3830289530162
-134.70323006538518,-364.9329250834349
-136.1054818813617,-365.47954498417874
-136.4569316764658,-363.21275555443304
-137.85961529089067,-363.7522872393349
-140.33783104746942,-367.08894450377
-142.11687606023983,-368.54822417002424
-143.5430309321941,-369.06828402180423
-144.973371465367,-369.58317273107104
-146.40787966432535,-370.09287046928694
-147.8465374540468,-370.5973574687887
-148.9161033634213,-370.1688724880238
-149.98442746751405,-369.7373006842047
-151.52405955040845,-370.18976130812194
-152.9680328018287,-370.67746214295073
-154.41605382609748,-371.1599147547803
-155.86810436632754,-371.63709992578464
-157.71358234135525,-373.03006037725237
-159.17628038637773,-373.49553111430566
-159.45884911741317,-371.199239544143
-159.7295479397598,-368.9044205684719
-148.3892295783773,-340.03181696002457
-148.15733570055465,-336.85813613168546
-144.26138933119535,-325.46067588609424
-139.07768394027187,-311.3493180172551
-137.43086861313702,-305.5122851085348
-137.5012204054399,-303.28602735209324
-137.5596938683192,-301.0620046150864
-138.4428152538531,-300.65692558893016
-138.0619817689855,-297.5279637110104
-138.51114595561384,-296.2155675282153
-138.9537987411484,-294.9031058083391
-139.81883576805637,-294.49396116807776
-140.25112617028068,-293.18018624724283
-141.54528828495864,-293.66806323522474
-142.40668889960475,-293.25131705868125
-142.82739361551995,-291.9337863848536
-143.0986328909696,-290.6867407790309
-143.4932074890914,-289.37639745579213
-143.43457458851023,-287.171591235298
-143.8138302062462,-285.8628731427168
-145.0907192574559,-286.33840675912495
-146.37155021543566,-286.8089421331389
-148.1134451022328,-288.1638550893361
-157.67939176257985,-304.60828848437933
-160.40743561802242,-307.69864250342414
-160.83048711888708,-306.348746387351
-157.9754039133065,-298.8105951241148
-149.90888497184181,-281.5818286155893
-528.2678715394219,-986.455298479971
-531.1611599159653,-984.9004123243762
-534.0498717360927,-983.3370401335766
-536.9339821102704,-981.7651953777989
-540.2958732182738,-981.0608387777503
-543.6582514384207,-980.3451971846033
-547.5086205339436,-980.4913617370721
-551.8546253399064,-981.4950190861651
-556.211227001372,-982.4815881010841
-560.5783625784904,-983.451015256387
-562.9649346569349,-980.9339847037174
-564.8412621821325,-977.545573636593
-566.725751605637,-975.2978634586594
-562.5483005537463,-962.6860389265505
-552.7396456787073,-940.6167572901181
-510.7758928126512,-864.3633421897524
-512.3755609614573,-862.2530281358436
-512.9420846479193,-858.4232160170453
-512.4628845355039,-852.8814641986017
-508.85689429594646,-842.211767388395
-505.2018557548964,-831.5648410928692
-503.06178143424324,-823.5009678562652
-498.79177619765613,-812.0441884513351
-498.67259686758183,-807.4197428434248
-496.45343817935697,-798.2067299389897
-495.0422246496295,-790.8363900415469
-497.8569140528653,-790.2496397530074
-496.9239893462756,-783.7413787801321
-498.10931504409456,-780.6171342382275
-500.36144390234404,-779.1754779611339
-500.9810760760938,-775.2076892121486
-503.21757198411734,-773.7577626404853
-505.9974879103424,-773.138113294399
-508.22798654145794,-771.6737093461301
-510.4542470802255,-770.2028704424309
-512.1214065345031,-767.8936547264356
-513.4393184021093,-765.8094190585393
-515.6486227689322,-764.3235557252592
-517.2919637930017,-762.0039528737235
-520.0543131969515,-761.3327205139991
-522.2506625192759,-759.8277735764713
-525.0114666377422,-759.1389595448826
-527.2014603182598,-757.6197068703362
-529.9606081291081,-756.9133066814363
-532.1441541062807,-755.3797715391319
-534.9015344843382,-754.6557814038798
-537.6591662031935,-753.9221584472011
-540.4170166030713,-753.1788951941204
-543.8201258624339,-753.193647548203
-546.5805937775887,-752.429169095496
-549.34117648214,-751.6550218160046
-553.2866090337043,-752.482510271159
-558.4308027937889,-754.9013435483371
-563.5935554308797,-757.2967082173142
-568.175433029764,-758.868023638788
-573.3727157455357,-761.2179246697946
-577.9843287252595,-762.7470850472068
-582.6095344730161,-764.2559324867132
-587.2482540519109,-765.7444012939189
-591.2895719245212,-766.4206691715175
-594.3860621653102,-766.5541136173075
-599.0573740522566,-767.988452122566
-605.59387496468,-771.7623070643341
-610.9179465735226,-773.9349213948099
-618.1251590765304,-778.4325839252966
-627.2357460278872,-785.2390202383218
-635.7643716108902,-791.2197316739579
-645.5899512944076,-798.7130991712132
-654.8331867314646,-805.3803434124246
-666.0195494451519,-814.323007016796
-675.9922845485951,-821.6632103427604
-683.4626690874654,-825.870922096085
-0.0,-0.0
-0.0,-0.0
-0.0,-0.0
-36.85460032745967,-43.48262221512417
-38.27684432313704,-44.89858782481173
-37.10374303601108,-43.27022362685059
-35.26849504380237,-40.89172602550897
-35.38578475291675,-40.79027135752157
-34.845323677838344,-39.934989893408996
-36.279107807526735,-41.33795273946029
-38.383002566936206,-43.48269901865072
-39.17164654648226,-44.12008733941338
-37.97751593770812,-42.50539122512727
-38.10010136869937,-42.395545469952765
-37.55180120583152,-41.54349800146481
-36.998903396579195,-40.69497693144204
-37.79110611427571,-41.3259276805682
-38.58725575827211,-41.952636306264424
-38.02915047140865,-41.1069789016775
-38.828906343505594,-41.72907897578463
-39.632566563402534,-42.34689678828269
-39.069261760805674,-41.50412973989031
-37.81390035248985,-39.938814956530294
-37.23945536172617,-39.10528051762324
-37.33489632358114,-39.0141707140809
-37.44740275770512,-38.906195222640555
-38.255145010573855,-39.516374836515126
-38.36909783391744,-39.40573982824421
-39.18241671163474,-40.0092266937991
-39.29778888816852,-39.89591192717543
-39.4128333620516,-39.78226447017756
-38.82170008154119,-38.95992303353364
-38.934043664216034,-38.84765429151314
-39.75599098799665,-39.43933544777764
-39.86971508521229,-39.324366733922055
-39.26912266210619,-38.508908129788075
-38.667149548365224,-37.694184509077246
-38.76331410596973,-37.59528533635472
-38.13961041852482,-36.80176785323164
-38.23349699710148,-36.70421920396389
-37.603980605735046,-35.915743659341125
-36.970690069818275,-35.13072836935551
-36.33363897148424,-34.34918745894641
-36.42126626568526,-34.256260210420756
-35.778482771254296,-33.47984723064099
-35.863891125837924,-33.38834097876149
-35.94906544678113,-33.296616847707625
-36.03400517826977,-33.20467543603502
-35.40062963319235,-32.41597478980916
-35.49409037292876,-32.31361243498421
-35.5872551289005,-32.21098061826968
-35.68012312421045,-32.10808019550814
-35.77269358443622,-32.004912024782
-35.86496573763654,-31.901476966406378
-35.207835922391936,-31.13532221869444
-34.54658654565501,-30.373234237459275
-34.63415197831476,-30.27334663929635
-34.72142859820086,-30.173206592936715
-34.80841567751711,-30.072814933444146
-34.895112490881836,-29.97217249798056
-34.98910049258986,-29.86239854263967
-34.31222287192482,-29.11479626559938
-34.39569487806976,-29.01613643913893
-33.712685798663934,-28.274632026616427
-33.7937474464585,-28.177697448957385
-33.87453037782329,-28.080530473656058
-33.9550339264952,-27.98313190210417
-34.03525742851513,-27.885502537603756
-34.11520022223392,-27.78764318536012
-34.19486164831743,-27.689554652475543
-34.27424104975216,-27.591237747942444
-33.572580095217674,-26.867859344395008
-33.6381303725642,-26.785745930221438
-34.49941759467546,-27.309159372419312
-33.792268320736625,-26.59102483431844
-33.86891492706368,-26.493331267761015
-33.94527910189748,-26.395416774400097
-34.02136020844028,-26.2972821707407
-34.097157612254875,-26.19892827512319
-34.17267068126979,-26.10035590771674
-34.24789878578468,-26.001565890512214
-35.91925252166032,-27.107329235562823
-36.79732300796226,-27.603568962141313
-36.07520970453604,-26.89942833544513
-35.355993286136524,-26.190718561174858
-35.4310634578849,-26.08907323465771
-35.505841409318734,-25.9872127365808
-34.77168273907169,-25.296839318249692
-34.84418822792221,-25.196875733652522
-35.728415786446966,-25.680348622843248
-34.98833646994585,-24.996325951344474
-34.24462970786789,-24.31677067727152
-33.4973150695396,-23.64169797480704
-32.74641218147054,-22.971122942538912
-31.991940727080415,-22.30506060325713
-31.233920446425465,-21.643525903751573
-30.478030781792352,-20.97831355624465
-30.538483253744403,-20.890213990305906
-30.598681066536415,-20.801940221728984
-31.48723517002401,-21.273317121398886
-30.718310708819647,-20.62487302255256
-30.777741540724186,-20.536081068509173
-30.836915718303636,-20.44711786492752
-30.89583274810692,-20.357984153668163
-30.954492138827376,-20.268680678013407
-31.012893401306737,-20.179208182661306
-31.071036048539245,-20.089567413719358
-31.12891959567577,-19.99975911869823
-31.177695249935987,-19.923637190586437
-31.235099191909246,-19.833521585225107
-31.292242665670713,-19.743240588940246
-31.349125194703277,-19.6527949545814
-31.405746304665854,-19.56218543637104
-31.462105523397337,-19.47141278989819
-31.51820238092053,-19.380477772112208
-31.57403640944601,-19.28938114131653
-31.629607143376127,-19.19812365716217
-32.541263149560386,-19.623103542280543
-32.59779354836684,-19.52905158419254
-32.6540521155091,-19.434836774143886
-32.71494721435316,-19.33215530565815
-32.765141128200995,-19.246961496534247
-33.67866879742419,-19.665890979902397
-32.8648630530877,-19.076183488889775
-32.914390388903215,-18.990600446717732
-32.09622920513483,-18.40739174384709
-32.14401886392484,-18.323811046713068
-33.06163387014007,-18.73308212326009
-33.11026774737688,-18.646988220541527
-32.28608065837417,-18.072326793220554
-32.332997793762075,-17.988253213377256
-32.37969600040443,-17.904057833949075
-31.54704048157909,-17.34313226766175
-31.59699110127445,-17.251960855102332
-31.64667823495622,-17.160645579148483
-31.696101468285388,-17.06918720127461
-31.745260389123658,-16.97758648414834
-31.794154587536823,-16.885844191624276
-31.842783655798144,-16.79396108873766
-31.891147188391805,-16.70193794169795
-31.052043538071405,-16.148392864607857
-31.09854614571035,-16.058655847334293
-30.254938297452078,-15.512533919942534
-30.299608044380964,-15.425101372661526
-30.34791782737226,-15.329836383440657
-31.285694754663332,-15.690930619884568
-30.435467037210408,-15.15527453485679
-30.478865293983997,-15.06780575900744
-30.522012174063395,-14.980212710316435
-31.463875183991263,-15.330510702720211
-30.60755038278745,-14.804656685149027
-29.74847215283326,-14.283851181390272
-29.789370640238253,-14.19835894948818
-30.7339635417771,-14.540408694830965
-30.77559476146077,-14.452085215578695
-30.81697215715201,-14.363642541685513
-30.854470434397978,-14.282914766001408
-30.895361671651532,-14.194246270156276
-30.935998097126262,-14.105460706215887
-30.976379375670202,-14.016558806445817
-31.016505174235775,-13.927541304071061
-31.056375161882517,-13.838408933269992
-31.095989009779743,-13.749162429168456
-31.13534639120932,-13.659802527833588
-31.17444698156833,-13.570329966267778
-31.21329045837177,-13.480745482402595
-31.25187650125519,-13.391049815092687
-31.290204791977345,-13.301243704109702
-31.33183740190034,-13.202877149351908
-31.36983301074172,-13.112344446291027
-31.40756702783148,-13.021702399927321
-31.445039138507227,-12.930951766121042
-31.482249030290536,-12.840093301638063
-31.519196392889665,-12.749127764143365
-32.48399506285508,-13.030351674318187
-32.52148766209104,-12.936492578920303
-32.55870906597446,-12.84252560664111
-32.59565896411759,-12.748451541067277
-32.63233704839673,-12.65427116667864
-31.73535035544184,-12.201128546874555
-31.76506856902957,-12.123548111211077
-31.799945568701663,-12.031768856972423
-31.83455738993117,-11.939889270306432
-31.868903744091515,-11.847910117393273
-31.902984344769877,-11.755832165243266
-31.936798907769504,-11.663656181690744
-31.030042823138274,-11.231048143170119
-31.062345595186272,-11.141395160625622
-31.09438933960762,-11.051649270443574
-30.18295640163962,-10.629635123404848
-28.32518061716977,-9.883528874076804
-29.298723518791704,-10.128415481673422
-32.16690220013654,-11.013192218737084
-32.1985711246033,-10.920257210059784
-31.282031206902204,-10.508783163163884
-31.31224722740759,-10.418405519545967
-31.34220213636686,-10.327940997271455
-31.37189568398725,-10.237390350720343
-31.4013276226555,-10.146754334990707
-31.430497706939857,-10.05603370589262
-31.459405693592192,-9.965229219941667
-30.533867967563637,-9.575119160584437
-30.561390944909956,-9.486905897729555
-31.544554668072095,-9.692320196578896
-31.568143282090535,-9.615213451681777
-31.59577772823634,-9.524013321488182
-31.623148698486805,-9.432733770937896
-31.65025596459652,-9.341375561207373
-31.677099300519114,-9.249939454128958
-30.74296095263914,-8.88089814514867
-30.768478340483682,-8.792083974302479
-30.793739151248573,-8.703196486628391
-30.818743174284933,-8.61423642335558
-31.807349269869164,-8.791617167765757
-31.832604401075226,-8.699729711010914
-31.857594081498043,-8.60776970756659
-31.884478932296588,-8.507643811063973
-31.907978825619487,-8.419078765745006
-31.931232713634106,-8.330448810703004
-31.954240417056756,-8.24175462926048
-31.008001705213854,-7.905936392955273
-30.06015192233251,-7.575438363968723
-30.081070433874597,-7.49194244186883
-30.101757025273898,-7.408388758115596
-30.12221153704014,-7.324777956894388
-30.142433811472394,-7.241110682830756
-30.16242369266022,-7.157387580985779
-29.208562283695066,-6.845428351791149
-29.229923657381654,-6.753633317233054
-29.249198581790388,-6.669661334954802
-29.26823227127201,-6.585634344151791
-29.287024568844778,-6.501553037842759
-29.30557531951782,-6.417418109494493
-29.323884370292447,-6.3332302530161115
-29.34195157016341,-6.248990162753105
-29.35977677012014,-6.164698533481897
-29.377359823147998,-6.080356060403852
-29.39470058422944,-5.995963439139826
-29.411798910345254,-5.911521365724204
-29.42865466047575,-5.827030536599146
-29.4438089229693,-5.749966617961657
-29.460200579125093,-5.665384526907038
-29.476349260099198,-5.58075571017486
-29.492254832704205,-5.496080865747465
-29.50791716575772,-5.411360691986889
-29.523336130083482,-5.326595887629107
-29.538511598512454,-5.241787151778028
-29.553443445883833,-5.156935183900023
-29.568131549046115,-5.072040683817889
-29.582575786858072,-4.9871043517053675
-29.59677604018978,-4.902126888081137
-29.610732191923624,-4.81710899380303
-29.625719438270472,-4.724060516640646
-29.63923769060287,-4.638489961177703
-29.65250878254709,-4.552880725537135
-29.66553260343606,-4.4672335236108225
-29.678309044664655,-4.381549069607246
-29.690837999690665,-4.2958280780456075
-29.703119364035643,-4.210071263749687
-29.715153035285798,-4.124279341842073
-29.726938913092834,-4.038453027738111
-29.7384768991748,-3.9525930371398896
-29.74976689731691,-3.866700086030352
-29.76080881337233,-3.780774890667269
-29.76995813656466,-3.708044302214795
-29.78054181454579,-3.6220614616665165
-29.79087715380945,-3.536048416896206
-29.800964068169673,-3.450005885163093
-29.8108024735121,-3.363934583972295
-29.82039228779466,-3.277835231068918
-29.8297334310483,-3.1917085444318833
-29.838825825377597,-3.1055552422681267
-29.847669394961446,-3.0193760430065306
-29.85626406605369,-2.9331716652918782
-29.86460976698372,-2.8469428279789417
-29.872706428157073,-2.7606902501264345
-29.880766057758294,-2.672044124171587
-29.888357592634375,-2.5857456206701963
-29.895699889721637,-2.499425554742066
-29.902792887792966,-2.4130846462066615
-29.90963652770014,-2.326723615057307
-29.91623075237433,-2.2403431814551267
-29.92257550682656,-2.1539440657229627
-29.92867073814819,-2.0675269883395537
-29.934516395511327,-1.9810926699333373
-29.940112430169282,-1.894641831276527
-29.945458795456947,-1.8081751932791745
-29.950555446791203,-1.7216934769829773
-29.95467292351614,-1.6485053973733552
-29.959308454359352,-1.5619977389715665
-29.963694155757416,-1.4754770551347132
-29.96782999113815,-1.3889440673551245
-29.971715926012987,-1.3023994972278923
-30.974530325576524,-1.256372201992821
-30.978029232267577,-1.1669211133471662
-30.981269814442676,-1.0774602937941802
-30.984252045078733,-0.9879904893440251
-30.98697589930706,-0.8985124460816227
-30.989441354413533,-0.8090269101607909
-29.991917796618225,-0.6963238333526033
-29.993957354798994,-0.6020981635076658
-29.995562805334412,-0.5159573540891613
-29.996920865248637,-0.429812289274245
-29.998031523340956,-0.3436636795507054
-29.99889477045114,-0.2575122354355687
-29.999510599459505,-0.17135866746923764
-29.999879005286942,-0.08520368620963152
-30.999999984391504,0.0009837310327688968
-30.999869321862096,0.09001126303548437
-30.999482985619267,0.17903805266362774
-30.99884097884935,0.26806336566217154
-30.99794330684735,0.3570864677883222
-30.99666851987574,0.45446745641947417
-30.995346974045294,0.5370902703840672
-30.993805194312817,0.6197092681150419
-30.992043191633254,0.7023238625725072
-30.99006097852631,0.784933466747887
-30.987858569076376,0.8675374936680627
-30.985435978932415,0.950135356399544
-30.982793225307873,1.032726468052613
-31.979282918173453,1.15128799152065
-31.976100443140528,1.2365275776091882
-31.972690765573685,1.3217583776920845
-31.96905390969999,1.4069797861716686
-31.96447599878304,1.5074064227085506
-31.959989752010788,1.5997046762966283
-31.955236992194063,1.6919895900129551
-31.950217758965923,1.7842603942974748
-30.94665296623838,1.817875184716839
-30.941274415607964,1.9072329532712948
-30.9356378469585,1.996574817488387
-30.929743307293105,2.0859000323499175
-30.923590845766103,2.1752078529765533
-30.917180513682617,2.264497534634094
-30.91051236449815,2.353768332739461
-30.90358645381811,2.4430195028672395
-30.896201850783093,2.534701401677788
-30.888753515264135,2.6239104926154417
-30.881047599695773,2.713097702870998
-30.873084168337307,2.8022622887160775
-30.864863287595472,2.8914035066107977
-30.856385026023855,2.9805206132101696
-30.84764945432233,3.0696128653703494
-30.838656645336474,3.1586795201546702
-30.829406674056955,3.247719834839894
-30.819899617618898,3.3367330669225965
-30.810135555301258,3.4257184741250013
-30.800114568526148,3.5146753144015004
-30.79143465916116,3.58992362462059
-30.780939571440324,3.678825777247271
-30.77018780272615,3.7676972522965375
-30.759179442677173,3.8565373086729124
-31.739782795449457,4.072614405721552
-31.72788987654898,4.164253112093543
-31.71573238007537,4.255857092929557
-31.70331040740949,4.3474255843477225
-31.690624062137672,4.438957822762089
-31.677673450050815,4.5304530448891835
-31.664458679143554,4.621910487754015
-31.650979859613308,4.713329388696772
-31.63601633179235,4.812740451610445
-32.61025388573114,5.056811397329057
-31.60785161097919,4.994368482433007
-31.59337815982377,5.085121085123766
-31.578644139946924,5.175831747902535
-31.563649672868564,5.2664997226264205
-31.54839488225667,5.357124261504597
-32.51828239061145,5.61794538638897
-32.502014361958274,5.711310043681588
-32.48547827053944,5.8046275965224705
-32.46867425273757,5.897897275268204
-32.451602447145056,5.9911183106703065
-32.43580654417749,6.076055778931998
-32.4182232285561,6.169181688320242
-31.41854307029588,6.072491361868113
-31.400974186144882,6.162695851740756
-32.363869642642776,6.44825106164653
-32.345217732416764,6.541168843758128
-33.30588387239315,6.8350639703416025
-33.28611720652714,6.930685486540134
-32.28766201062725,6.819595434297991
-32.26794396709936,6.912292827719033
-32.2479597913187,7.004933211494064
-32.227709648106206,7.097515821564759
-32.20525314397866,7.198726966085916
-32.18433093852114,7.291696787425464
-32.16314034924719,7.384605803604367
-33.11567190295105,7.704042731975086
-33.09328668978049,7.7996394832067315
-32.09796005678261,7.662960276106633
-32.07569772167565,7.755618329165717
-32.053167908640205,7.848211708441463
-32.030370805551456,7.940739641801446
-32.0073066025135,8.033201357659054
-31.9839754918578,8.125596084979827
-31.960377668141508,8.217923053287949
-31.935853954789685,8.312715090651437
-31.910648867089208,8.408952900411455
-31.88515377012348,8.50511428821392
-31.85936889559616,8.601198380128201
-31.833294477844447,8.69720430292621
-31.806930753836983,8.793131184090177
-31.78027796317166,8.88897815182071
-31.753336348073454,8.984744335044658
-31.726106153392227,9.080428863423128
-31.698587626600503,9.176030867359243
-31.670781017791207,9.271549478006147
-31.642686579675427,9.366983827274849
-30.65513040507372,9.179486905482502
-30.62864182526957,9.267486171521794
-30.601900633478216,9.355409003283903
-30.5749070502496,9.443254675618855
-30.54766129821531,9.531022464012896
-30.520163602086708,9.618711644594702
-30.492414188653044,9.70632149414136
-31.41642620199156,10.099909142899174
-31.387291162637574,10.190090945217964
-31.357897254279898,10.280188704008562
-31.32824471934698,10.370201676182965
-31.298333802400276,10.460129119352612
-31.265317940698743,10.558403954529366
-31.235373608770598,10.646663116700804
-31.205180129771563,10.734837356406945
-31.17473774453808,10.822925970331353
-31.144046695892023,10.910928255840432
-31.113107228638654,10.998843510989378
-31.081919589564777,11.086671034527418
-31.050484027436738,11.174410125903556
-31.01880079299836,11.262060085272338
-30.98687013896907,11.349620213499081
-31.892713299437006,11.783668291322272
-31.859306004786458,11.873694492169548
-31.821846535514634,11.97372469493747
-31.787137059963495,12.065567435106205
-31.752162512779403,12.157309561002645
-31.716923185613652,12.248950307593022
-31.681419372325553,12.340488910688878
-31.645651368979962,12.431924606953523
-31.609619473844788,12.523256633908467
-31.573323987388505,12.614484229939702
-31.53676521227772,12.705606634303997
-31.499943453374534,12.796623087135405
-31.462859017734107,12.887532829451406
-31.425512214601998,12.978335103159438
-31.386866449417525,13.071519211110402
-31.348988661508518,13.162101272236525
-32.231756792599505,13.642355150879036
-32.192227066112125,13.735374640827166
-32.152428889962835,13.828279592049162
-32.11236259602698,13.921069229814469
-31.155684846461003,13.613350129486872
-31.11624336508838,13.703262343128122
-31.076542406637827,13.793060285826373
-31.94942295812029,14.29105918548853
-31.90802113153793,14.383260668893165
-30.955885990267404,14.061761004851641
-30.92143424948021,14.137358450399146
-30.88048055415699,14.226592028463175
-31.74630668153026,14.736757176605275
-31.703618649689965,14.82837025822564
-31.660666242673315,14.919859686674215
-31.617449818658663,15.011224699024439
-31.57396973802598,15.10246453338725
-31.53022636335389,15.193578428917377
-31.486220059416617,15.284565625819749
-31.441951193180913,15.375425365355897
-31.39742013380303,15.46615688985017
-31.352627252625652,15.556759442696137
-32.19798817332301,16.102470543073544
-32.15161141898132,16.194872125547334
-32.10496949184816,16.28714013961625
-32.94856452040085,16.8342536527457
-32.90008309512554,16.928807764690184
-32.85133032398329,17.023222255041368
-32.80230660906615,17.11749634510885
-32.753012354700864,17.21162925736005
-32.703447967445385,17.305620215426902
-32.65361385608571,17.399468444111942
-33.48468638924404,17.96596163343268
-33.43295265075796,18.062050743262127
-32.50698464118265,17.671897168609696
-32.45609944532897,17.76517967246368
-32.40494656539632,17.858315656685235
-32.35352642327182,17.951304353128542
-32.3018394430469,18.04414499486245
-32.24988605101378,18.136836816176817
-32.19766667566186,18.229379052589085
-33.01397044355742,18.816953939251622
-32.959794718841344,18.9116877113556
-32.90534715578229,19.00626550791739
-32.850628203440564,19.100686548899635
-31.932595199611697,18.68981979093795
-31.873721914731693,18.79004660192073
-31.809737471494515,18.898163984752532
-31.74538628969416,19.00606348821602
-31.680669111243688,19.11374386832392
-34.17901262948737,20.779679874178598
-34.96096567239195,21.41800362437713
-32.33525689129375,19.96074051166539
-31.418155416707865,19.542249364174793
-32.19896059949533,20.179864625714092
-32.13025522072931,20.289078329258746
-32.061179408109666,20.39805811740433
-31.99173395802036,20.5068027337088
-31.937937701452196,20.59048652601872
-32.71623830252716,21.228465590622765
-32.65378497129156,21.32440683931569
-33.42671824679664,21.969399337471035
-32.52803480106321,21.515737309718695
-32.46473904555099,21.611124882899475
-33.23196263533828,22.262898719696874
-33.16647068774322,22.36034932909299
-33.10069297334947,22.457607278694084
-33.034630058906735,22.554671730512407
-32.96828251362197,22.651541848227637
-32.901650909154654,22.748216797193635
-32.845968365348156,22.828542707377274
-32.7799089168054,22.923297568324283
-32.71357611794588,23.017861272832484
-32.64697052191606,23.11223303233905
-33.39459500124069,23.786572361378813
-33.32576674135859,23.882907509358184
-32.445522516364555,23.394188779269108
-32.377831308545744,23.487784905251388
-32.30987010331888,23.58118516755807
-32.24163946740959,23.674388787328304
-32.17313996979041,23.76739498734084
-31.30176287713391,23.26369791722033
-31.22852346700061,23.361920342107844
-31.96031037542396,24.052828538584976
-31.89110231787662,24.144514759065352
-31.821631236105826,24.236001845875773
-31.75189770307947,24.32728904446972
-31.681902293930083,24.418375601949197
-31.6116455859499,24.50926076707117
-31.541128158586368,24.59994379025347
-31.470350593437104,24.690423923581243
-31.399313474245382,24.780700420812813
-31.32801738689509,24.870772537386102
-32.03787449239106,25.584655518685377
-31.97526380680817,25.662862359546406
-31.901023259828182,25.755091049652712
-31.826516691522905,25.847104969110447
-32.52617752132632,26.571559529902768
-32.44931061199736,26.665375317180803
-32.37217310919736,26.758968742987076
-32.29476565617276,26.85233902684987
-32.984162443621614,27.587044566114386
-32.90436118567828,27.68217865274387
-32.82428553961578,27.777081898820303
-32.743936173181666,27.87175351294936
-32.663313756405984,27.966192705668384
-33.33285931289819,28.721429108359786
-33.25023804667781,28.81703783943206
-33.16734254666164,28.912408899854896
-33.83608653054861,29.66680380993589
-33.75074820911426,29.763853838590364
-33.66513152588957,29.86065838766044
-34.32544245782672,30.622932584493388
-34.2373562542316,30.721384030034002
-34.14898767551028,30.81958209868925
-34.060337450489136,30.91752598056331
-33.97140631031754,31.015214867856674
-33.882194988461556,31.11264795487312
-34.53542247001315,31.87953253762844
-34.443726626385946,31.978581833577174
-34.35174670557769,32.07736738380868
-34.25948346619949,32.17588837358192
-34.16693766919933,32.27414399033765
-34.0741100778555,32.37213342370543
-34.70400148878674,33.16070386264876
-33.8876125768642,32.567310509778906
-33.79394420536867,32.66449655274713
-34.417018331050805,33.45846453739491
-34.32078851035464,33.557167282527125
-34.22427562641857,33.65559326244201
-34.11837474590364,33.76294573490419
-34.73114510639693,34.56512056392109
-34.63283584068818,34.66362187700449
-34.53424721564374,34.761843582422415
-34.435380026510494,34.85978488788768
-34.336235070782166,34.957445003375014
-34.236813148193214,35.05482314112716
-34.833790878277654,35.86930460781782
-34.73177715564782,35.968092187526715
-35.322072941102405,36.78792143004876
-34.52691006324055,36.16479616263443
-34.42405834598545,36.262710971357194
-35.02205613449104,37.07365080636865
-34.91485169266622,37.17463021038841
-35.48985327570327,38.00618784446888
-36.060337705449754,38.84137027151486
-36.62628885965144,39.68015832087081
-35.835411027728306,39.048986113262515
-35.72249897429356,39.15230602444249
-37.62490916631383,41.477297528004804
-38.84444083914275,43.070981134568314
-38.719901833831955,43.18297351941408
-39.260471668034015,44.04106452395876
-39.79640297938542,44.90263143627958
-39.65514104716667,45.02743373244046
-39.52566521193282,45.141131903777115
-40.05246110895144,46.00869873313016
-40.574594527462544,46.879657410565684
-40.43979558090882,46.99598848172371
-40.95473831550953,47.871801820154374
-41.464978799182205,48.750954177158114
-41.970502118614334,49.6334257523233
-41.827788989491,49.7537543131231
-41.68473088258649,49.87367252615693
-41.54132897778317,49.9931794023904
-42.67135628726944,51.65419007791053
-43.7777910348693,53.3339011521501
-43.62698783267165,53.45732814729819
-43.47583664244084,53.58032874329719
-42.69644970359564,52.92459903209781
-43.17249512323867,53.825046816829925
-43.02030721385268,53.946762342384694
-42.2465040373879,53.28445267260393
-42.71490316508968,54.18890151679596
-43.795361620061115,55.88350651639603
-43.02274693821016,55.2181423618246
-41.64186444811055,53.75830284974765
-42.10001630918748,54.667985391508154
-41.92806429532102,54.799976500427675
-41.16514398690629,54.1242175050806
-41.00953727165331,54.24221467422655
-40.85359232721068,54.35976447669796
-40.098820580337815,53.67573556147951
-39.34831957766979,52.98782639827348
-38.60210536220199,52.29605588957409
-37.26862837379921,50.79418607612143
-0.0,0.0
-0.0,0.0
-0.0,0.0
-0.0,0.0
-0.0,0.0
-0.0,0.0
-0.0,0.0
-0.0,0.0
-0.0,0.0
-251.0042531193152,363.8143275298744
-253.3456335969019,369.4861160279021
-255.65632179111262,375.1744196080525
-256.2540490815798,378.3951140399348
-255.71861811961588,379.9631407741994
-255.17626334133644,381.53122365954914
-255.18051689049804,383.93216041313633
-254.7931330921553,385.38871198970423
-253.67917505667802,386.12287699974905
-253.10977498104776,387.69116808233247
-251.98917510987908,388.4204624211277
-251.40830214869789,389.98700697678254
-250.82047850450394,391.55342874602906
-250.22570006282538,393.11970063591184
-249.08943612078662,393.84064393232524
-248.48317892706982,395.4049946451079
-247.8699596212116,396.9691211131905
-247.2497744631794,398.53299615954876
-246.09789083355528,399.2453232378252
-244.84241227886102,400.01649109689
-243.69261283951508,400.7179936656828
-243.05794809775418,402.27208934564356
-241.90167826378644,402.9684578886585
-240.74341332784832,403.6615029195338
-240.0929142531194,405.21154046429166
-238.92821496597787,405.89938173538957
-238.26634668267945,407.44711072541577
-237.09523469203776,408.12969713845564
-235.92216724092467,408.8089174716535
-235.244499669564,410.35231859368906
-234.55990893026328,411.89519191491735
-233.55275989389025,412.46709971335514
-232.85090798626837,414.0114185019181
-232.1420804492435,415.55511606127163
-230.94110465105928,416.2237453372266
-229.73820304446977,416.8889037404306
-229.0134978151714,418.42779283702043
-228.2818165901504,419.9659655428056
-227.06811957766917,420.623429056753
-226.32502388410254,422.15871845060883
-225.10500296837236,422.81052214746154
-224.35050178997915,424.34284764395943
-223.1241819478172,424.98894036211976
-222.24999914862818,426.5746568637602
-221.4835310483,428.09934066099277
-220.71013483679624,429.62313296693327
-219.92980933413543,431.1460065525956
-219.14255345962488,432.66793417492295
-218.34836623192797,434.1888885771351
-217.10053784353013,434.814163141048
-216.29505659561622,436.33181008528265
-215.48264531039956,437.8484093496658
-214.66330338342206,439.36393363647505
-213.40062820721784,439.97860388974004
-212.13619299355963,440.589645386951
-210.98200633798893,441.1435061310512
-210.14309913433817,442.65096620951334
-208.87100271426507,443.2526415320471
-208.02085133682232,444.756478771365
-207.16378153617396,446.25908127413203
-205.88133541526275,446.8521855464378
-205.01303922256187,448.3510385275452
-204.1378286417916,449.8485822111864
-202.84508646944994,450.43298158016955
-201.95866862762387,451.9266490993396
-201.06534120458954,453.41893273911927
-200.16510485979248,454.9098051223652
-199.13484730572537,456.4529686490443
-198.21312817640654,457.94383478601765
-196.88988698464053,458.51430992192104
-195.95691777172064,460.0009634526944
-194.62774557030298,460.5649147017404
-193.68354427684557,462.04727536947905
-192.7324014596841,463.52801579579113
-191.77431862499958,465.0071082423549
-190.43070750556032,465.55896043243735
-189.4614239158993,467.03358428250095
-188.48520857621884,468.506484638131
-187.13150594246716,469.0488242003218
-186.10678838432034,470.5318940489303
-185.11235998294063,471.99832010458067
-184.11101121054975,473.46291887647214
-182.74301400792174,473.99260630446605
-181.73052735367062,475.4524323502371
-180.35679491346588,475.975237306041
-179.3331921955282,477.4302107920714
-178.30268741371088,478.88323384834484
-176.9190620629051,479.396125848741
-175.53396139129237,479.90502018449473
-174.14739694917174,480.40991261195643
-173.09746127810428,481.851915944178
-172.25533975839397,483.21537426360953
-171.1922885293386,484.65369115285574
-170.12236403285678,486.0898900983975
-169.04556965899195,487.5239433901343
-167.96190890053467,488.9558233199483
-166.8713853530359,490.38550218206757
-165.77400271482398,491.8129522734284
-164.9864374116099,494.18668078998746
-163.8726076721529,495.61050075107227
-162.7519279359001,497.03200093469593
-161.62440233529387,498.4511536447268
-160.4900351056307,499.86793118962277
-159.2215668811188,501.3227429909014
-158.08114778351143,502.7318875061016
-156.93394568329705,504.1386086110366
-155.77996511675997,505.54287896104427
-154.6192107213221,506.9446712175949
-153.74067346386104,509.30129130297564
-152.56363521247334,510.69887136232774
-151.37983529053548,512.0938834504962
-149.90855113887343,512.5265127731869
-148.7140007001227,513.9155047240391
-147.51270638090344,515.3018546989535
-146.3046735265819,516.6855354122856
-145.22142241974709,518.0296694885201
-143.8684140996942,519.4447799568678
-142.50797552682596,520.8564839869478
-141.14011480663595,522.2647489467097
-139.76484017604545,523.6695422215851
-138.38216000337195,525.0708312149907
-136.74025910670375,525.5008102176737
-135.3458196991607,526.8942105299338
-134.1897718863115,529.2533468208771
-132.77755585527257,530.640293099855
-131.59768243309767,532.9944183368505
-130.16771633213736,534.3747426898807
-128.48828897632768,534.781038927088
-127.17426025240562,536.1228474232873
-125.85355152102485,537.4615182220442
-124.5261699695897,538.7970239271045
-123.41449134091091,541.104299860077
-122.07096977274843,542.4340313243083
-120.72079573101892,543.7605074645174
-119.3639768365976,545.0837009430315
-118.21161297882128,547.3810506009003
-117.04697275487294,549.6762739730723
-115.66461551576299,550.9906502996132
-114.07302511936977,551.3223602758331
-112.92577426775647,552.5791974966373
-111.5270009293147,553.8833162893721
-110.31619695561437,556.1648466859893
-108.90141505908491,557.4625384706392
-107.48005673828585,558.7566889116719
-106.05213067188575,560.0472708441255
-104.617645640614,561.3342571236989
-103.17661052721672,562.6176206271139
-101.72903431640728,563.8973342524783
-100.27492609481328,565.1733709196495
-98.81429505093203,566.4457035705958
-97.1781450054978,566.7286900566182
-95.39723769039772,567.0311870091818
-93.92247102410379,568.2909197204601
-92.28101290271287,568.5597722822547
-90.63878525373751,568.823883647414
-88.99580177164728,569.0832516135242
-87.3520761572151,569.337874017726
-85.70762211739944,569.5877487367342
-83.91651160592151,568.8435805033694
-82.27349927315854,569.0835363260385
-80.62980086505708,569.3187465844255
-78.98543008835229,569.5492093171213
-77.34040065538264,569.7749226023069
-75.81586499663369,568.9709611349355
-74.0432981837474,568.1959081109901
-72.1494845847345,566.4233857055667
-70.39001890424795,565.6370260499746
-68.63569748219116,564.8452363534043
-66.88653698345608,564.0480397717563
-65.02766411615582,562.2520812763581
-63.179723388823106,560.450107103667
-61.34273399575766,558.6421654206973
-59.62299479233351,557.822640712972
-57.8050930919715,556.0032115128729
-55.998198323470696,554.1779513698873
-54.15850936632817,552.3512069899164
-52.27912085132483,549.5187835943486
-50.508378252146294,547.6759112160568
-48.83767405825887,546.8234464546846
-47.08623428986387,544.9696198325188
-45.34590988642582,543.110254420382
-43.69704363160073,542.2421676500804
-41.976123050308644,540.3720987372177
-40.34093597823963,539.4938450848161
-38.71117187093662,538.6106619557199
-37.08684553854913,537.7225733480043
-35.4679716978416,536.8296033041034
-33.65571846771238,534.9423264375536
-32.0509048792965,534.039080495443
-30.39456364375465,532.1326625014722
-28.80364322950886,531.2196816164733
-27.166991122965904,529.3032727967254
-25.59002251137188,528.3806873343002
-24.01860918931379,527.453416343672
-22.452765043472937,526.5214842168385
-20.892503865977663,525.5849153868575
-19.301005374558873,523.6444129287844
-17.788785111045524,523.6979655529254
-16.24535464401822,522.747633617303
-14.939374496338019,521.7861775571083
-292.85911385980694,430.8996860398585
-476.9013839980681,204.7585649996775
-511.1540208306112,-83.93787576951839
-384.14129570196815,-344.51627673654707
-138.06866041945574,-496.1472009494531
150.08008884341493,-490.5557735189269
389.7496150651654,-332.02294733430006
504.211405825784,-69.65528145938778
460.62709100647487,211.8293724461099
273.1314547100577,424.76370895824857
1.58336009288336,503.99751286173654
3.154138270710593,501.99009094978084
4.577458685297297,499.9790464329325
6.001281019616519,498.9639111460102
7.404412347340469,496.94484067931575
8.813766147352661,495.9216848720166
10.217304450064645,494.89454097794885
11.615015996485688,493.86343396064603
13.006889623043273,492.82838881535014
14.392914261672137,491.78943056866945
15.773078939902184,490.74658427823584
17.11237814261673,488.7004875322963
18.47792041277055,487.65004507045757
19.629111725393493,486.6042519058706
20.991016569587128,485.54647277410567
22.393052554795077,485.4838320657838
23.74594110195268,484.4183422220742
25.092863114005468,483.34909560352105
26.433808199638612,482.2761177832308
27.76876606547504,481.19943436292704
29.09772651615391,480.11907097259854
30.420679454407765,479.0350532701466
31.73761488113855,477.9474069410321
33.11766206472981,477.85376472239534
34.42541338821383,476.7587344905708
35.847870012485394,475.6510593024764
37.135707341775294,474.54919580611033
38.417512185873086,473.4438665327161
39.60953419640221,471.33860949506783
40.87638495990802,470.2266699716313
42.13717645984376,469.11134963885917
43.39189974985342,467.992674126528
44.54536357999886,465.8752092390469
45.78506557523721,464.7501778055294
47.01867391370034,463.6218764288384
48.349935287818134,463.48493369004325
49.57418673799585,462.3498675346045
50.80698603515396,460.2039223757482
52.00125996932206,459.0641229301229
53.30484875607928,458.9145814844975
54.489808418595224,457.7683483799473
55.66868812248377,456.6190941722889
56.84148028813865,455.4668441485649
58.00817743053953,454.31162361443825
59.16877215929638,453.1534578938588
60.190969334002666,451.0011609859038
61.47162528772824,450.82839227857545
62.613869380159024,449.66154312020547
63.74998244453832,448.49185024738307
64.93673664342684,447.3111000568868
66.2281762491974,447.1217157225818
67.51906358092094,446.9286028586172
68.80938787394095,446.73176307535323
69.94405177898564,445.54329713366644
71.07242685611583,444.3520115187756
72.35529585250212,444.1449213512375
73.4739224555288,442.94760719412284
74.75272590886675,442.73358802918244
75.86157213591272,441.53031818105956
76.9640937159545,440.32434440816667
78.06028430297312,439.1156932000256
79.4394194578377,438.86829304040833
80.49768550555966,437.65868279773457
81.54975414118451,436.44660337721996
82.78206597541465,436.2145453247084
83.82449741902843,434.9970731308974
84.66872120595524,432.7958036411031
85.6959462925749,431.57410115647593
86.91448039574807,431.33035262723763
87.93202050074815,430.10342915472785
88.7402582263622,427.89504153462514
89.94838958080672,427.64270976110356
90.94720895141124,426.4089647087035
92.07469524660509,425.1437997845491
93.30200868796462,424.87614098086397
94.31123708979544,423.62883584405864
95.09391679558588,421.4037814121679
96.08747673162775,420.1525875385619
97.30036020553703,419.8733617459826
98.28386516743461,418.617106492018
99.26092798576556,417.35868048407076
100.23154434830207,416.09811044698864
101.43270233861112,415.8069346418921
102.39321772295591,414.5414683289711
103.34727231884357,413.27393010478505
104.39945275678119,411.97785652154244
105.33373469661575,410.7076872117966
106.26158424087151,409.4355574624903
107.43698600442495,409.12870106885066
108.35473689412575,407.851996430819
109.5255822667081,407.53913533443455
110.69552431895569,407.22291302891034
111.86455340168501,406.90333212231326
113.03265987324225,406.5803952504104
113.92921837896789,405.2914176238592
115.09268714995738,404.96255797863836
115.97906605204585,403.6692411339947
116.68658061346143,402.42420641002474
117.84818355356566,402.0855700384249
119.29283432040364,402.70239592011956
120.1684315618939,401.3982412218001
121.32705728166482,401.04955450838196
122.48467126007836,400.69752345916805
123.64126384383901,400.3421510097309
124.49898093616822,399.0288257079376
125.650746385152,398.6676434485926
126.80146403771218,398.3031367161107
127.95112429806146,397.9353085500984
128.79086658023664,396.6130515824104
130.03622562289536,396.2064866023163
131.17353735832415,395.8314074159659
131.99247762064354,394.5047348911847
133.124894103038,394.12404464845196
134.25621262802912,393.74010383853135
135.3864238649838,393.35291562800313
136.18735618833298,392.01786185635996
137.31261343068726,391.6251347817638
138.103155675482,390.28645683968284
139.22343267159593,389.88823500477366
140.0035697179267,388.54600817179636
141.11884055918262,388.14233579865004
141.7903586949029,386.83264363438974
142.55385526840558,385.4859249675849
143.6603274745064,385.0749411607013
144.413387058126,383.724867109756
144.80496582747247,381.4387524514316
145.89980585378578,381.02132046885197
146.99344256066692,380.60074598477064
147.72291137206958,379.2452260157795
148.81143987333434,378.81942315940586
149.53043946621025,377.4607895835567
150.61383586913377,377.0298031254103
151.6959900733141,376.59570708609647
152.50180218512548,375.1908851908437
153.58461351813483,374.7489379444392
154.28425240148255,373.3796586062444
155.3618259827197,372.93257168999753
156.05088097833547,371.5603888278262
156.733309792052,370.1873439241659
157.80165464284576,369.7331981199146
158.47348786178122,368.3573721875563
159.53654100625715,367.89820886185197
160.5982637820571,367.4359776480643
161.65864733551848,366.9706824007205
162.7176828241462,366.5023269998985
163.2047185090371,365.1906623346029
164.25860734723787,364.71784973091997
165.31112643964505,364.2419957600382
165.9463613418217,362.8536966291091
166.9934902401925,362.37297666547755
168.0392265866934,361.88923488844745
168.65979333600697,360.49670471705485
169.70010458204368,360.00815894204874
170.31000824177934,358.6133030057377
171.3448738656541,358.1199997207124
172.37831065164926,357.62371008768906
173.41030998197778,357.1244382452066
174.091766230895,355.6797111596435
175.11814468743057,355.1754994382807
175.69825712669106,353.7726988373229
176.71912196247683,353.26385596719524
177.73851314474842,352.7520672442531
178.30387426860946,351.3455968427723
179.31771944312555,350.82923979297465
180.33006929452958,350.30995719252707
181.34091538087765,349.78775337170595
182.35024927276564,349.2626326851475
183.3580625533996,348.73459951181155
183.89641700440532,347.31989262485655
184.51594140881033,345.8581607625017
185.50843533967557,345.3268313030793
186.49939927600948,344.79265373509276
187.01053722577203,343.3774293201697
187.51508864636412,341.962120022008
188.49638134139522,341.4221935100284
189.47611939858942,340.87945109327353
190.4542947374848,340.33389724805147
191.43089929050794,339.7855364738579
191.91257647739175,338.3645415669456
192.88351931083614,337.81200093878596
193.35453489306227,336.389690442926
194.23453742209705,335.8823372438985
195.19834214688242,335.323138514342
195.6549685646899,333.8983876510191
196.61306981437124,333.33511782914377
197.56954948322766,332.7690988012476
198.52439968262243,332.2003352356141
199.4776125373579,331.62883182316295
199.9112753273796,330.19915505188783
200.85873536161094,329.6236769847311
201.80453879857697,329.0454803219361
202.22342219562745,327.61362535079184
203.16344742606375,327.03151779294456
204.66308903699652,327.275144161353
205.07465407873212,325.83644095540996
206.01472426790608,325.2428836805175
207.49061696720335,325.48985217755916
208.42967623083416,324.8893197172072
209.36699740793864,324.2860780181354
209.7577473644042,322.8415825456981
210.68914970730154,322.2345142836414
211.61879512201583,321.6247589211787
212.54667585627197,321.0123215430349
213.4727841725106,320.3972072563004
214.3971123479524,319.77942119038784
215.23355723171156,319.2170356377985
216.1494150145477,318.59759947129044
217.06349008910794,317.9755356475333
217.97577491649068,317.3508492970444
218.88626197255917,316.7235455719707
219.7949437480043,316.0936296460459
220.1285612867217,314.6417272165884
221.03125925664727,314.0082521708956
221.93213425492587,313.3721873189348
222.8311788515242,312.73353790669785
224.31101163575426,312.90504959003863
224.62374719509074,311.4485064919014
225.60108145273125,310.74129440317085
226.4974754620339,310.08852543963206
227.39198071817293,309.4331706605904
228.28458976190575,308.7752355310225
229.17529514980208,308.1147255374224
230.0640894543062,307.45164618775584
230.9509652637988,306.78600301141444
231.83591518265897,306.11780155916927
232.7189318313255,305.44704740312494
233.6000078463589,304.7737461366728
233.86851313081348,303.3059817510735
234.74340154908995,302.62936973988946
235.48216309383176,302.0548805509522
236.35343195085846,301.3736139827953
237.22272986630446,300.6898342724249
237.46840455303314,299.2202480432048
237.70757509961774,297.75175690541204
237.9402498982106,296.284386153535
238.79484491939985,295.5960453725993
239.6474486401657,294.90523962835783
241.13094356634033,294.9862167200468
242.61689930387547,295.06107871451485
242.83059161920156,293.58866424620106
243.03780857277005,292.1174825376694
244.59630691531137,292.11923360742753
246.08304282639386,292.17654942397957
246.27933913861813,290.7017150163471
247.11777818471796,289.98931653605536
248.6049548368864,290.0337505025056
249.44145529017854,289.31463907434386
250.93104811077527,289.3485944220704
251.76556032479374,288.6227687386126
252.5979730761247,287.89453624171716
253.42827942331238,287.16390300408494
254.25647244246616,286.43087511843663
255.08254522731835,285.6954586974618
255.77986874541085,285.071322206532
256.60200916686847,284.3315123083024
258.0941299247022,284.32977349973555
259.58837482899645,284.3217818839078
260.4083349064614,283.57097720190666
261.2261234494959,282.8178078331503
262.0417336385948,282.0622800582874
262.85515867241816,281.304400177633
263.666391767848,280.54417451111635
264.47542616004466,279.7816093982282
265.2822551025037,279.0167111979677
266.08687186711154,278.2494862887897
266.959703886188,277.4121779969272
267.7552908300297,276.6443641799453
269.2461984538591,276.5908252602481
270.0394171618966,275.8164483471991
270.83040869988264,275.03979661760684
271.6191665440559,274.26087647696386
272.40568418907776,273.4796943494716
273.1899551480859,272.69625667798744
273.97197295274765,271.91056992397137
274.75173115331324,271.12264056743305
274.81541704064165,269.63213190711934
275.5886284171265,268.8417896964067
276.4318584450668,267.97467723015654
277.0518870024917,267.33359666970136
277.67042881660063,266.69108151718365
279.01030519296535,266.73816674058537
279.627462423526,266.09111645934286
279.51710064622534,264.7549630249222
280.1296623743159,264.10674406014664
281.4699175203408,264.14141199571975
282.0810527019155,263.4886709264351
283.42303341162796,263.51543433307893
284.7666479188516,263.5373905787579
286.1118811447774,263.5545322467379
287.63011576968785,263.3797951671995
288.38948428004625,262.5481010342466
289.1464479223165,261.7142175234412
290.64433628263095,261.5470699259101
292.1436642728959,261.37344820238627
293.64440697689923,261.1933426624522
296.6447452184512,262.3316510341064
301.9071258989851,265.43565572736145
307.1898697207049,268.51142236593284
311.7380437186294,270.902920062671
317.0592645408624,273.9241186328934
766.1752959954493,658.0846570208771
765.196415120552,653.0776724759895
762.5041071398423,646.9833742801062
762.0761286759083,642.844440049333
765.461763594968,641.9262328913512
769.6165179587205,641.6341755900278
773.0060231829397,640.685326913998
772.5376240525462,636.5427082476454
768.9573689770315,629.8734513344101
767.6713601396866,625.124533850083
767.9188539661325,621.6467113428187
768.9317358718425,618.799632812686
769.1537180532642,615.327195892429
768.3077759862095,611.5776004393265
768.5022670075408,608.1153390634629
768.6831818938954,604.6570646849971
768.8505453236414,601.202826802685
769.0043821477041,597.7526748059166
771.5186208378718,596.1409377826926
772.4438301653588,593.3013814575779
770.9746224712902,588.6409189864833
771.8746712858773,585.8075552835751
771.96648119671,582.3716613201311
772.0448972358748,578.940132182981
773.7134966952226,576.708266831378
773.914159690726,573.0845255546493
773.9551133450191,569.6617264018171
774.7898386294263,566.8339315501388
774.8059184048295,563.4179521499547
774.8087438080062,560.0066164954299
775.6104994120188,557.1834107381866
773.9609005804498,552.6169779989564
777.184505378239,551.5371652028374
777.9567697610995,548.7141918912573
775.4438479388059,543.5952894331022
775.3693737426754,540.2104536769826
776.103974733016,537.399870118717
775.7677069659786,534.3673500774047
775.657242515837,530.9951432289452
775.533784927242,527.6280398504483
775.3973627809944,524.2660868225972
776.0780348039345,521.4670496731918
775.9173770097678,518.1131382760738
774.9105972359079,514.2115968076649
775.5574363001423,511.4212187615515
776.1946285983903,508.63139751199685
775.9841868714411,505.2964889304778
776.6005393448122,502.51030067984357
775.5250114062366,498.64311554794045
775.3156307371789,495.2632357995194
775.8982954832176,492.4863805895932
775.6255656137307,489.17684119996954
776.187572317159,486.40400140253263
775.8911433942668,483.10343985769475
776.4325580255068,480.3347612217631
776.1125248068529,477.04334062842986
776.6334143293706,474.2789682740574
777.1448174583845,471.51556994183574
776.7903050299359,468.2369293546796
775.5654254994191,464.45050411201515
776.0439895858118,461.69765672757796
776.6296151035441,458.7487775941434
777.052464430946,456.0597192493474
776.6024905524868,452.86816146387997
776.1407326902606,449.6827360028684
776.5338890483531,447.00237041814444
776.0500537575161,443.82689650691105
775.5545207989109,440.65767356120307
774.1764818016626,437.0031750745068
774.5284872789437,434.33814291792413
780.9867454657137,435.08126069376107
776.9558417334762,429.9809530621391
775.5314118388194,426.35200158001794
776.8670068605927,423.91349784061356
776.3295215414878,420.7154311208049
775.7800588887811,417.52401156163364
773.454787866973,413.3965301325784
772.8787574353303,410.2236296280602
774.0601469660395,407.9900597795409
774.3490986904657,405.2893699041013
773.7415966279466,402.1292598750258
773.1223155873516,398.9760458233695
775.1611911253407,397.1978446229827
775.413676198591,394.50428484895656
772.9793187795407,390.4599502370471
773.3081704910758,387.5815700620262
774.4241742449808,385.3468545933385
774.6371493327504,382.6660252408491
774.8411068055921,379.9871829473791
775.036059926281,377.3103574167375
775.2220220538848,374.63557829267404
775.3990066435276,371.9628751585708
775.5670272461529,369.2922775371361
774.8219878375287,366.19651440654155
774.9708913454496,363.5328287338564
776.0174420736297,361.29341205936873
776.1497441456369,358.63153049148144
776.1149287320583,356.3167374671475
776.2306358751432,353.65944060475874
776.33747552503,351.00445025016927
776.4354619776575,348.3517954360816
776.5246096226319,345.7015051318392
777.5196619570481,343.45767609735793
777.5923385508898,340.8095582975312
777.6562124278456,338.163888184971
776.7931031826546,335.1245661658688
776.8382758945042,332.4865307125301
777.7951657412406,330.24185099644194
778.7455695859721,327.99441740709534
778.8493425130878,325.1610395895099
778.8560364988485,322.5403453977568
778.854109209446,319.9222977029894
777.9174836673761,316.92962721181124
778.8244519539564,314.694253265959
778.7967527844634,312.0843120894984
779.689802397803,309.8464329904009
779.6460562396277,307.23936432364155
779.5937740523765,304.6351054274147
779.5329716224152,302.0336838061724
778.5301754046711,299.07652195445235
778.4513541859337,296.48353945216917
778.2894336504496,294.09107002434195
776.3260594049134,290.7900436549348
776.2250736050213,288.19895056519437
774.2386624458719,284.92015297979043
774.118740138768,282.3405322761268
774.9308335932168,280.1039149075253
774.7950371825063,277.5277470044367
775.5932298285086,275.28919674440965
776.3849548343594,273.0483508590551
775.2815781237824,270.14713513546155
773.2226755978538,266.9282561687616
772.0978696715082,264.04711634236537
773.8250678356357,262.0758752521376
771.7344137809221,258.8860648745246
768.6828226257783,255.3952196108342
767.5173327795445,252.54929000686943
765.3910359619267,249.4024099104268
763.2529885924995,246.2699238734155
757.2929769651591,241.9345924816188
749.4074580025813,237.03261777677216
742.4543260187901,232.477039244705
737.3915372530051,228.5557279694603
735.1804042518276,225.54550140519174
733.914923153346,222.84049356617922
731.5845196548782,220.1819488544443
730.300494512604,217.49755795099412
729.9663023007151,215.10508479675931
729.6243904361719,212.71635781162794
727.3531051060186,209.77716866387797
725.0709529952117,206.85287796551327
725.6652635505111,204.75821174294163
726.2535228129232,202.66183805003564
724.907779654493,200.03177496686146
724.517656211763,197.67439347931142
727.9819440406901,196.36264703537068
727.5797082696374,194.00197966585088
726.2515001243712,191.20606310235124
726.7976214981088,189.11958487869995
726.3692562131281,186.7825035392425
726.902673275177,184.69570537887785
726.4601883601647,182.36390741512992
726.9809154754233,180.27686633208214
727.4956467618507,178.18833840225523
729.9483148979918,176.56856338992517
732.3976635542988,174.93616670146886
732.8970347829148,172.8321046750601
734.3643193723207,170.95334577839728
735.826849501366,169.06758279721743
734.4037513734111,166.3133487386415
734.8705339340639,164.23854101721645
738.2610622341085,162.80848868829196
742.6264912682119,161.57318610049256
746.9908001984377,160.31451718075223
745.4839395613035,157.79003725254307
744.9476996085273,155.47966056035594
750.281240134237,154.38283810913504
752.6743540156574,152.66079001208152
751.1413009429266,150.14241911521123
747.6377383501674,147.24745225180146
747.0689274238094,144.9448780669356
746.5383105538034,142.40979908515064
743.9979650871584,139.69977790307146
744.3982772041654,137.55073571402806
744.7923818144525,135.40054649503753
744.1958895343294,133.0732054179509
744.5770651231866,130.92361930737283
743.9666454290821,128.6026068514888
743.3490380696036,126.28621302816472
741.7379110281225,123.80981925371259
748.0132963515382,122.63812001700744
745.4024583194014,120.00072971191939
740.8071647626392,117.06726543462078
741.1712860849146,114.73937721302859
743.4750719406962,112.91066115640542
743.7962691679788,110.77504218819143
741.1428026310342,108.20511128507646
741.4504958144515,106.07620966316607
741.7520738301043,103.94643316987624
741.056816521559,101.67986372400654
741.345770488183,99.55123595055129
741.6286101507723,97.42178712092006
740.9134811268844,95.16413969790179
740.191509643535,92.91140431413474
740.4552854257038,90.78529773669058
741.6833056136509,88.96557859086782
741.9357434006793,86.83520406195558
741.188511734002,84.59072096592641
741.4283876003209,82.46178545476883
741.6621484812143,80.33216983394115
741.8897924487222,78.20189166760527
741.116530336292,75.96899671771321
741.3316461489054,73.84030348091876
741.5406477739755,71.71100124076399
741.743533487746,69.58110755882619
740.9444085945976,67.36010222974708
741.1348016116867,65.23193880305661
740.3396566465397,62.81872966308481
740.5179728788015,60.68057220783769
741.6870050979261,58.620700003231654
740.8560784607834,56.40275709315757
741.0158649910546,54.2631351062496
741.1694722204026,52.1230606212821
741.3168988679029,49.98255148424848
740.4602188808809,47.77723573918876
740.5950989490135,45.638792848857435
739.7255231667189,43.44134408284495
739.8478854459655,41.30504086831878
738.9654761691992,39.11553438250347
739.0588473588853,37.30978612315922
741.1612453854218,35.27050238840493
740.2610038502494,33.08543756127659
738.3552039620253,30.8641018368597
738.4412523685238,28.73180816457903
737.5217909234666,26.563281292839626
737.5954232283215,24.433412218381097
737.6629047551767,22.30333939469978
736.7246086066976,20.145745786845502
736.7797121732818,18.01820551153598
735.8289042311247,15.868953904474724
735.8716613438962,13.74401800690029
735.9112080007654,11.432144980454197
733.9427758631457,9.165247312556435
735.9672019601335,6.948211206632628
736.9849333926736,4.71253140003942
736.9958697973403,2.467367354430832
736.9999665100842,0.22218041041347852
736.9972234928856,-2.023008595549539
737.9876240015556,-4.273970114394515
737.9711793816349,-6.5221470451820105
738.9478154032771,-8.782147272977836
738.9176326702891,-11.033228400412643
738.8805924104533,-13.284207133944868
739.8457187704661,-15.110010490152337
739.799000480623,-17.246416667563057
740.7457699467496,-19.408871837309174
740.6866339852365,-21.54785918879894
741.620810431089,-23.718632665792086
740.54983294041,-25.825276996205496
741.471456675335,-28.001409531605404
741.3875048230773,-30.142456638628005
741.2973705708067,-32.28325238894058
742.1999779244218,-34.4701721635945
744.0949132797684,-36.71185137219283
742.9871584956971,-38.8082763143344
741.8631025534421,-41.08694524762051
741.7420474776884,-43.21729981855228
741.6148748295763,-45.34729795160944
742.4795420316698,-47.540821032475954
742.3399498119333,-49.6729193144152
742.1942350885945,-51.80460791528109
743.0397678793922,-54.00836370173597
742.8815994981619,-56.142044200871155
742.7173041460336,-58.27526166434718
742.5468831780455,-60.40799849829569
743.3668082521056,-62.62418373980891
744.1801201882231,-64.84557592189097
743.972729759718,-67.18316287488692
742.7799378822593,-69.23845665255004
743.5723108160709,-71.47879816874685
744.3579304911339,-73.72429257006388
745.136773757147,-75.9749195115749
745.9088175250645,-78.23065855762755
745.679799035379,-80.38431010189024
745.4445623524153,-82.53729132468584
745.2031094378025,-84.68958427239266
744.9554423050064,-86.8411709971274
745.6944984366723,-89.11068960163958
745.434062329409,-91.26367688776753
746.2011267463441,-93.2087895130413
745.9288543511079,-95.36322271422898
746.6419180177603,-97.6465373618545
746.3568288000438,-99.80222494284519
747.0563066008863,-102.09248144619983
747.7487727277876,-104.38760886277392
747.444212550763,-106.54646462632981
748.1230001551243,-108.8484112832888
747.8055568579489,-111.00832911260777
748.47061028327,-113.31701347189326
748.1402614533579,-115.47791647107843
748.7915255292654,-117.79325657929456
749.4051311124612,-120.30357210953838
749.054603143039,-122.46714461529842
748.6978288379854,-124.62969587255952
748.3348111724268,-126.79120784789541
748.9510150354415,-129.12155930510548
748.5750250588256,-131.2837836832051
749.1772569467417,-133.6204987034391
749.7722273923067,-135.96178518679085
749.37648131702,-138.12635247816416
749.9573923718706,-140.473875246553
749.5486158602517,-142.63895842994924
749.1335888934498,-144.80285215291786
749.7588925870244,-146.82507615076815
749.3317763968668,-148.9895596406543
748.8984115597415,-151.15280071270945
750.4181179242491,-153.71612892285432
751.9292486218166,-156.28949122391558
0.0,-0.0
0.0,-0.0
0.0,-0.0
0.0,-0.0
0.0,-0.0
29.262054430275615,-6.613030358284117
29.242835825736652,-6.697503480328539
29.221650725124324,-6.789339356582574
29.202032216272205,-6.873231731856588
29.18217286150107,-6.95706741964389
29.16207282460241,-7.0408457285034665
30.113123347064537,-7.362051499716413
31.062561460813203,-7.688775942450286
32.98037432733356,-8.264073404136585
31.98719612111124,-8.112908498779333
31.963765107752216,-8.204737664084211
32.90795139423797,-8.547908225669683
32.88326732730322,-8.642379873687121
32.85831205319081,-8.7367802430378
32.83532663853332,-8.822773064112225
32.8098534988512,-8.91703501080497
32.78410975747739,-9.011223413592406
33.72156902752162,-9.373141539638393
33.6945116541542,-9.46994637725404
33.66717638281156,-9.566673110787027
33.63956343894338,-9.663320942476458
33.61167305028943,-9.759889075212214
33.583505446877794,-9.856376712541461
33.555060861022824,-9.952783058675298
33.52633952732337,-10.04910731849524
34.45440858787962,-10.435215803204425
33.46709242540824,-10.244692508278748
33.437369055302796,-10.34129347129646
33.40736685234744,-10.437808198691812
32.4234550362513,-10.233257717471524
32.393769038074026,-10.326844992925782
31.411936059302693,-10.113865384029937
31.382599050568693,-10.204532171111275
31.353000343627606,-10.295113863017122
31.323140185301828,-10.38560970439048
29.39647222916407,-9.841108701766569
28.420578647895393,-9.60576437972494
28.392721366301323,-9.687795075019716
28.367261506809182,-9.762093761294345
28.339109198692483,-9.8435201947567
28.31072316167814,-9.92486544305871
28.28210362988208,-10.006128835299442
28.253250839346013,-10.08730970125305
28.224165028035458,-10.168407371374357
28.194846435837796,-10.249421176804315
28.165295304560285,-10.33035044937559
29.073362273858994,-10.758234339005284
29.042346281634874,-10.84168448432295
28.075249123077377,-10.572624398754694
28.044770291880432,-10.653208872244111
28.94486937255336,-11.099303446875506
29.845364622937552,-11.5435787572099
30.743527578244368,-11.993144376923341
30.70876652006811,-12.081873150134617
31.60325693979955,-12.539304238952479
32.49535381939462,-13.001999082923943
34.312396288199764,-13.844112862929691
35.198552976128596,-14.319981438069982
37.007425350446034,-15.180595144168896
37.887519544103306,-15.669584001982628
38.76509050693008,-16.163779198860624
38.718252366717024,-16.275654630988317
37.746288718781024,-16.006801303146872
37.699908135053136,-16.115735372875623
37.65321317333665,-16.224535054147687
37.60620422301894,-16.333199439687007
38.4749519608888,-16.842745370256562
38.42615436446701,-16.95378013182173
38.37703633391907,-17.06467351650934
38.327598278838266,-17.17542459958397
38.27784061148648,-17.286032457496905
38.22776374679087,-17.39649616789374
38.17736810234036,-17.50681480962213
38.12665409838216,-17.61698746273944
38.08349390268117,-17.710095769488266
38.03219327111425,-17.819996492384952
37.07627607420264,-17.50284983851226
36.122515230206474,-17.1803344974276
36.07275257848046,-17.284574666786884
35.12212188961061,-16.953953933266867
34.17370900164576,-16.61799064480527
34.12557836846108,-16.716605547120537
33.18039571180677,-16.372578917443494
33.13297790120484,-16.46832642979461
33.97948065541125,-17.0116105759723
33.93021416689958,-17.109662959518715
32.9848137718084,-16.763116071873963
32.936536493937595,-16.857774579804914
32.88798756954774,-16.95229405199407
32.83916739904966,-17.04667370888509
32.790076385091325,-17.14091277207477
32.7407149325545,-17.2350104643195
31.80754065264462,-16.860615576851274
31.75898822505866,-16.951892723840174
30.829335700012514,-16.569612557206458
29.90214808152993,-16.182136450736536
29.855552005728494,-16.267944382534672
28.93198293834776,-15.872629374339786
28.01486486400057,-15.465036264160078
27.97033597942887,-15.54542714748832
27.9255764074439,-15.625689818757207
27.00931818854093,-15.215016627994599
26.095656262279913,-14.799213635897384
26.053047438827758,-14.874095574191742
26.01022374094128,-14.94885483728351
25.96718552181209,-15.023490808590145
25.923933136401086,-15.098002872545953
25.880466941435504,-15.17239041460718
25.83678729540602,-15.246652821257069
25.792894558563717,-15.32078948001095
25.744635675331374,-15.401744509777291
25.700297917505974,-15.47561588278276
0.0,-0.0
0.0,-0.0
0.0,-0.0
0.0,-0.0
0.0,-0.0
0.0,-0.0
265.68606854411524,-167.35266051536706
262.67056054914696,-166.50878841910094
259.6621116756569,-165.64898961399888
260.0268316210996,-166.9342590275954
259.50110986204845,-167.75033228093784
257.3391350077559,-167.4083916458789
256.0179730045251,-167.6030951344701
253.02768965266642,-166.6912963205755
251.71179368024025,-166.86872961186037
252.06075726416702,-168.14985770857695
250.74385848613412,-168.3196881873465
251.08541719590474,-169.6028103291878
249.76755953843332,-169.76503233061624
248.45086566438832,-169.92106211596035
247.13536033344784,-170.07090777924628
245.82106826819057,-170.21457750582232
244.58367159534907,-170.24343625801978
244.09103599595463,-170.9490162195196
242.77892746520388,-171.07715329302533
242.2838918471566,-171.7775181780064
241.78683583366663,-172.47645061730472
240.47534685730784,-172.59086752739114
240.78667921689078,-173.86999485737078
241.09262260017928,-175.15235461668084
240.58582596231767,-175.84783292957977
239.27139549485636,-175.94942255643818
237.15447777154398,-175.45014583324303
236.64683761528013,-176.1342506348133
237.6929546102479,-178.07599312835694
238.78630721583895,-179.95026948082904
0.0,-0.0
0.0,-0.0
0.0,-0.0
0.0,-0.0
0.0,-0.0
0.0,-0.0
36.18189102275868,-28.405470635376123
35.31670668763885,-27.88781505853919
36.02086579924581,-28.609390540043375
36.721224538171036,-29.335160957752144
35.070208421916334,-28.197171511400725
36.54368710396047,-29.556030397328957
37.233891186212254,-30.29252955983216
37.14625951904064,-30.39992440359158
36.28626979717658,-29.87150187396862
36.19985789224276,-29.976162005524145
36.11314411817784,-30.08057216709345
36.02612919808442,-30.184731488004477
35.17415824358537,-29.644199969896565
34.325615896058956,-29.099005023475023
35.0023638764556,-29.846851141455378
35.67507260724425,-30.598843024987904
34.82701802642063,-30.051269779950598
33.229654256143526,-28.84077110649371
33.146231560203425,-28.936608877983172
33.81395365145153,-29.692028197101788
32.97855765108775,-29.1275597202011
32.89430783613801,-29.22267119859835
32.80978371690359,-29.31753899033833
33.468735680005544,-30.080620538511567
33.381731646035675,-30.177143541297287
32.55457259332564,-29.600672344828443
32.46895832816997,-29.694557499372873
32.383073305701735,-29.78819503221952
32.304977107575496,-29.872871540563736
32.21905330326091,-29.965523593650627
32.863156128330225,-30.741063242591196
32.04640921841602,-30.150085509096336
31.233333762649195,-29.55467580723832
31.872707915236745,-30.333652766358433
31.78546259617866,-30.425061504406646
31.697955124168594,-30.516219309511364
32.32859954413381,-31.302741916883754
32.954981910816194,-32.093132711808884
32.8626791556466,-32.18764232920812
32.770105363101806,-32.28188647664827
32.66852727867113,-32.38467732497455
32.575388430631854,-32.478363083650876
31.775850894784732,-31.86369877952665
31.684211903316058,-31.95482304857539
31.592311593967928,-32.04568376785928
30.800147375257296,-31.422140628264508
30.709780498809575,-31.510464638194957
31.31505034893149,-32.31667714422208
30.52828764975738,-31.686332277082354
29.74540946552792,-31.05174094520438
28.96643368074929,-30.412920277716726
28.878972701668634,-30.49598228777486
27.432734117095055,-29.110910306288417
25.297413841413835,-27.000756525257653
23.85613022877346,-25.610252839591436
23.782075456052553,-25.679035943793192
23.70782236557928,-25.747604911566803
22.95813238864574,-25.07836033765795
22.885617318089533,-25.144552490946428
23.483879387817712,-25.952021287337722
24.077663212864906,-26.76314880965713
24.00027827275644,-26.832566832680303
23.92269319531127,-26.901761100028523
23.1825500545218,-26.22154406150773
23.100058378632788,-26.294244672622888
23.024031579686,-26.36084159919068
22.94781278428362,-26.427218703780945
23.524871274525687,-27.250329016674204
23.446081797993838,-27.318148698654195
23.367096805546936,-27.385740575711996
23.28791695583759,-27.453104084201698
23.208542909143368,-27.520238662381747
23.128975327361143,-27.587143750419678
23.049214874001727,-27.6538187903967
22.969262214184305,-27.720263226312355
22.889118014630796,-27.78647650408925
22.80171141459181,-27.85824755015422
22.721612509721695,-27.923615900489292
22.0124004787099,-27.211288561273467
21.93416280184607,-27.274392792179846
21.85574422135338,-27.33727207551584
21.777145383994874,-27.399925892679907
22.318320279106562,-28.24699240484234
22.237106948393784,-28.310970922342047
21.540273820622986,-27.586529389043925
21.46096045308496,-27.64827619275971
21.381470084689415,-27.70979496527413
21.301803371039078,-27.77108519920654
21.229025922966258,-27.82675795636327
21.148581452057062,-27.88794547050227
21.669902356108118,-28.747440440441647
21.586797371387217,-28.809897244639206
21.503512375247908,-28.872113804284577
20.825046727139213,-28.13036488942986
20.743727208020815,-28.190384557845555
20.662234707811553,-28.25016914779994
19.992553623043325,-27.50086907044462
19.91305538427026,-27.558487354406545
20.416726123442988,-28.42810747130946
20.334548508836097,-28.486946781671627
20.249936653312048,-28.547155121602735
19.59120407304286,-27.788211942627555
19.510877741192022,-27.844670042366413
19.430388708931467,-27.900895946543162
19.34973764745593,-27.956889186292287
19.83565832429107,-28.83655074453223
19.75230366157697,-28.893710389301912
19.668784285212304,-28.950629090605016
19.58510089166174,-29.007306373798833
18.944075487935972,-28.233349144360883
18.862466421531607,-28.287936660290242
18.780700061792924,-28.34228828427534
18.711390790899916,-28.38809353708392
19.177257478023858,-29.27853814010491
19.09262922352202,-29.33379466303521
19.00784175636771,-29.38880657265422
19.463549948845856,-30.284818364797612
19.91423727149917,-31.183700131550026
20.359890969355153,-32.08543033396888
20.26715225795548,-32.14409027104127
20.70514571169875,-33.0499159009115
20.60962039402916,-33.109568816491965
21.039921244697357,-34.019431418189995
20.94159483934964,-34.080047030256935
21.35528669872634,-34.99931042199549
21.77252275877491,-35.91597489584027
21.668716607460226,-35.97869815023297
21.564729761605967,-36.04112137973659
21.460563088354178,-36.10324406380637
21.3562174563465,-36.1650656844038
21.251693735716824,-36.226585726000934
21.14699279808422,-36.28780367558464
21.042115516545525,-36.34871902266095
20.937062765668035,-36.40933125925931
20.8318354214824,-36.46963987993672
20.72643436147508,-36.529644381782106
20.63711381705653,-36.58017951434704
21.01428493045615,-37.51532791888675
20.899901167947437,-37.57917150723296
20.785323443856186,-37.642666341988615
20.670552821521298,-37.70581183388971
20.077553380814283,-36.89026769000942
19.965078141058385,-36.95126053088626
19.852417615347342,-37.01191044550182
19.269583019483864,-36.18954504073268
19.15924620209856,-36.248079741792836
19.0487315772833,-36.306278042462715
18.938040170669332,-36.364139402632844
18.364590819494428,-35.535078500441514
18.262463459312972,-35.587672421742596
18.16018547811433,-35.63997283108512
18.05775771944376,-35.69197929711757
17.955181028081775,-35.74369139091278
16.959833437535323,-34.00535325167287
15.974625809286177,-32.26160768240306
14.99958095043008,-30.512498608135896
15.789061686757224,-32.352828795203905
16.568088572119912,-34.197930362324406
17.3366407549882,-36.047758423131974
0.0,-0.0
0.0,-0.0
4471.436266535979,-9500.329347675626
4442.713598005201,-9510.483945946162
4412.287106226641,-9516.922952941572
4380.188511258864,-9519.631799908851
4347.695732003461,-9521.325055995037
4318.118943340375,-9529.286058838039
4286.892004149271,-9533.507536303783
4256.084199191735,-9538.541413098255
4227.307281432991,-9548.048866042927
4263.666504221495,-9705.789454793447
4238.817493333978,-9725.394966694455
4232.562217892573,-9790.248876901358
4242.113870172111,-9890.657911003362
4224.105737847467,-9927.711302988424
4211.751805017726,-9978.562408129235
4222.311199329137,-10084.7695628616
4186.651508614378,-10081.220419444113
4225.316253846281,-10257.852531352866
4218.746597368318,-10326.480627357669
4200.174551590415,-10366.424587878515
4187.372346656653,-10421.193493571413
4184.653175045944,-10501.985660082473
4227.069026834451,-10698.172574901606
4205.104578413363,-10741.197348741292
4188.182035842567,-10789.652785638915
4172.810428603658,-10842.766119719476
4170.71276622327,-10931.383948140428
4181.934944820306,-11056.557380907077
4172.457668082067,-11128.513917323515
4169.915136526859,-11220.191966012177
4176.210370344667,-11337.283225827327
4165.745413961007,-11410.353813360163
4191.9781903428375,-11585.955284381604
0.0,-0.0
4172.200433855465,-11742.835583441347
0.0,-0.0
0.0,-0.0
0.0,-0.0
9.72923044375479,-28.378549557232745
9.647240499948953,-28.40652655176526
9.565170108200046,-28.434266665437253
9.483019952889665,-28.46176966692508
9.400790719064625,-28.489035326882313
9.318483092431137,-28.516063417941737
9.236097759349086,-28.542853714717225
0.0,-0.0
9.071096722513339,-28.595720033788407
8.981216002274216,-28.624076563628975
8.898520163422049,-28.64989247625846
8.815750120174998,-28.675469478608967
8.732906562749058,-28.700807357394922
8.64999018197326,-28.72590590132479
8.567001669283915,-28.750764901102833
0.0,-0.0
0.0,-0.0
8.317610263085447,-28.823902572542387
8.234340149048357,-28.847801342732694
8.151001369186309,-28.871459552290094
8.067594618457973,-28.894877003929743
7.9969671012389,-28.914503578337683
7.913895832764618,-28.9373504790634
7.830759293849543,-28.95995871685229
7.747558170168425,-28.982328105241244
0.0,-0.0
0.0,-0.0
7.747493293740087,-30.016268050233233
8.402671101110048,-32.94533530511672
8.063668597443877,-31.9996445097535
7.730169186328968,-31.052286298286155
7.640959613934268,-31.074358178057764
7.551687022160425,-31.096173769763602
6.988086005377051,-29.174760564252338
7.134413859283592,-30.16786599818526
7.502440005044327,-32.13585838235398
7.634668584784656,-33.13173456975204
7.539487530212014,-33.15352361034612
7.444244293158741,-33.17503921480385
7.56508494324309,-34.172642417605296
7.253574414219152,-33.2172494077608
7.158149344896769,-33.23794364812832
7.062665238208607,-33.258363756099
6.967122881666893,-33.27850956325649
6.669419443756503,-32.31901675922773
6.185707775653584,-30.376586696240558
0.0,-0.0
0.0,-0.0
0.0,-0.0
0.0,-0.0
0.0,-0.0
0.0,-0.0
0.0,-0.0
0.0,-0.0
0.0,-0.0
0.0,-0.0
0.0,-0.0
0.0,-0.0
0.0,-0.0
0.0,-0.0
0.0,-0.0
0.0,-0.0
0.0,-0.0
5.041525603777106,-33.624143403014145
5.235254878800757,-35.61730066069006
5.132380167614623,-35.63227011874315
5.308877249816244,-37.62732813190944
5.747587075234362,-41.604870421773924
5.493433602149982,-40.63031118830829
5.1310100045990135,-38.660997611710755
5.01934637568679,-38.675653348856045
5.033477836564975,-39.68203750903939
4.91886613435765,-39.6964073431371
4.924318749275459,-40.70320730428419
4.923996662926063,-41.71036150482867
4.689158461645415,-40.73096847512442
0.0,-0.0
0.0,-0.0
0.0,-0.0
0.0,-0.0
0.0,-0.0
0.0,-0.0
0.0,-0.0
0.0,-0.0
3.795271436101905,-42.83218316553931
3.756953455679662,-43.83931227485049
3.630342019755578,-43.849978527014095
3.2648116530201423,-40.86980553991301
3.0700267128614134,-39.88201268720421
3.028716867498166,-40.88797958002489
2.9106310979675745,-40.896555192479774
2.7244107871254304,-39.9071119709632
2.6091587599228605,-39.91481292158987
2.545843757662262,-40.920883171817934
2.4283143751451397,-40.928025719492794
2.3107649649257147,-40.93483071025055
2.1931964965014896,-40.94129808796655
2.1262345721984346,-41.94614555050307
2.0535187644797057,-42.95093783241444
1.8852739134128849,-41.957666072738185
1.7647697637468787,-41.9629072834684
1.683399893750208,-42.96703579254359
1.559997812080216,-42.971693087732824
1.5034006718507829,-44.97487950422857
1.4047716076518424,-45.978545178488794
1.2843953812841757,-45.9820652918563
1.1265716527799754,-44.98589597097242
0.9966601685644907,-44.9889616295864
0.8860012704238819,-45.99146661880666
0.7531869802090987,-45.993833384192314
0.6338526354858952,-46.995725665601626
0.4981393750870009,-46.99736010844639
0.3547108551769517,-45.99863237324801
0.22187808745585522,-45.999464889434385
0.08904346950248233,-45.999913817968604
-0.04379189098073278,-45.99997915510706
-0.18046660120440677,-46.999653528572416
-0.31991638146639945,-46.9989111949295
-0.44521067454118796,-45.99784546536147
-0.5773080272286354,-45.99637719909794
-0.6939788659487791,-44.99464849661142
-0.8049009520756596,-43.99263727554132
-0.9312381522990678,-43.99014429964629
-1.0575676720670266,-43.98728851178484
-1.1569819133431665,-42.98443198243053
-1.2804222412360589,-42.980932038337045
-1.4364997298856654,-43.97654452689568
-1.5272701978945602,-42.97286871669871
-1.612287981675825,-41.96904248924609
-1.640149549757802,-39.96635972232684
-1.7110474058257532,-38.96244752033702
-1.7761929684260045,-37.95846596661823
-1.8851968921492261,-37.953208463551945
-1.9941852675717617,-37.94763793859375
-2.103157195803914,-37.94175443768696
-2.2703252459361667,-38.93386216749713
-2.3821283293983155,-38.9271815653571
-2.3660188549999113,-36.92427324644027
-2.405238123731134,-35.91956054252544
-2.438706676995279,-34.91493533924385
-2.466425364465202,-33.91042237899025
-2.6486206267918257,-34.89963909233637
-2.7493900588141233,-34.8918450974507
-2.605839144032384,-31.893723557393365
-2.5293079727869197,-29.89318653437262
-0.0,-0.0
-0.0,-0.0
-0.0,-0.0
-0.0,-0.0
-0.0,-0.0
-0.0,-0.0
-0.0,-0.0
-0.0,-0.0
-20.95925341838967,-189.84654249193932
-21.282181900182145,-187.7979465637672
-21.93987455689789,-188.72901712356682
-22.83980296487463,-191.64379301330294
-23.029498185164417,-188.59915750962278
-22.829581337718146,-182.57823039986042
-22.341211799203016,-174.57625914007653
-21.936628694601538,-167.57023697994578
-22.02243772272554,-164.53270871394744
-22.361943784579818,-163.47765434509785
-0.0,-0.0
-0.0,-0.0
-0.0,-0.0
-0.0,-0.0
-0.0,-0.0
-0.0,-0.0
-0.0,-0.0
-0.0,-0.0
-0.0,-0.0
-0.0,-0.0
-0.0,-0.0
-0.0,-0.0
-0.0,-0.0
-0.0,-0.0
-0.0,-0.0
-0.0,-0.0
-0.0,-0.0
-0.0,-0.0
-0.0,-0.0
-0.0,-0.0
-0.0,-0.0
-0.0,-0.0
-0.0,-0.0
-0.0,-0.0
-82.1928457447445,-389.42051320953885
-86.22222263404228,-402.8768153220605
-87.06277345028988,-400.64956443149106
-86.70694628869096,-393.56181911523134
-86.74705448400391,-388.431394892778
-86.53765977400023,-382.3286981653867
-85.6232610238646,-373.30638512037154
-84.88412870265562,-365.266594002779
-85.01615548773366,-361.1277520574755
-85.58901470328466,-358.9366525755219
-85.21102936655835,-352.8570255419205
-85.03637369112325,-347.75395777685065
-82.67023596322841,-333.91860098800146
-82.17021825997725,-327.85981033226335
-83.9382729228866,-330.50774021000325
-88.22117829314583,-342.8308966539757
-89.5554802879456,-343.5182905616459
-89.87370798551768,-340.33324347311986
-91.20622112324895,-341.0138197029807
-92.80534897928696,-342.6545887637181
-94.1512723465728,-343.3242460350295
-95.50234712804175,-343.98881041835506
-97.129109172117,-345.6109606934233
-98.76706166600036,-347.2262483307742
-100.13954884229186,-347.8736419415277
-101.51710615411791,-348.51582052769646
-103.17685073485823,-350.11360652284964
-104.18745150370972,-349.8142006110703
-105.48539491920204,-350.4694444009919
-106.78798907075628,-351.1201010910997
-108.09521826627729,-351.76614929234717
-109.40706672894156,-352.40756766813183
-110.72351859736868,-353.04433493460584
-112.04455792579465,-353.6764298609864
-113.37016868424757,-354.30383126986544
-114.70033475872178,-354.9265180375188
-116.03503995135432,-355.5444690942156
-117.37426798060417,-356.15766342452514
-118.7463054839755,-356.75666067209784
-120.09457789069063,-357.3601717612874
-121.44732340676067,-357.95886305179494
-122.80452541607609,-358.5527137497809
-124.16616721975704,-359.14170311724496
-125.5322320363374,-359.72581047233064
-126.9027030019508,-360.3050151896288
-128.27756317051512,-360.879296700482
-129.65679551392145,-361.44863449328614
-131.04038292222234,-362.01300811379326
-132.42830820381988,-362.5723971654131
-133.82055408565768,-363.12678130951394
-135.11900294751408,-363.71259951020346
-136.51391146298008,-364.25945694940805
-138.26669574245122,-365.7366823938562
-139.3164686470374,-365.3380921334635
-140.3650925287514,-364.936488720154
-142.85923453171685,-368.26110181366147
-145.0092729877303,-370.6431042762969
-146.44012648536807,-371.15534396657876
-147.87511508795487,-371.66241448083514
-149.31422088428167,-372.1642963016737
-150.75742588516755,-372.6609699720085
-152.58239120981972,-374.07835261171357
-154.13742435078748,-374.52190111461476
-156.36806218682818,-376.84616108955686
-157.84155805695912,-377.315574221568
-158.93048263842797,-376.8581983827821
-160.80056641321025,-378.2382553909516
-161.89214310438933,-377.7723309098589
-162.58581900556115,-376.38524341197405
-160.4784365414641,-368.5792606824308
-151.89781628301455,-346.13733316192804
-136.71718322574282,-309.1155314940009
-136.79499714699702,-306.8926990913161
-136.45135625809343,-303.7598185661278
-136.57971586217636,-301.50784602561697
-137.01550807888646,-300.2111765838917
-137.02730260707176,-298.0059031969501
-137.4480706725611,-296.7103433795166
-137.86261709482082,-295.41479111203427
-138.2709452931553,-294.1192711940808
-138.67305877729643,-292.82380840592265
-139.93006926588066,-293.3335570902958
-140.75796034288817,-292.93718883083096
-141.58472867252743,-292.53848397557334
-141.97218191348364,-291.2385612564461
-142.3534253617601,-289.93879058824433
-142.8200504232595,-288.59388974317807
-144.09896083988008,-289.07523153128614
-144.93312909190814,-288.65790841691535
-145.7660887525136,-288.23817819607854
-147.50555939503408,-289.5981870584795
-150.1669617303357,-292.7300524453885
-156.97868482203805,-303.84484940762655
-161.08640943268557,-309.6000140440649
-159.6591495597094,-304.70470288768166
-162.40511193554434,-307.78008320423095
-165.63938521209116,-311.72518997758345
-166.5388704479111,-311.24556965510993
-530.806673083725,-986.2272941922605
-532.7462468260645,-982.906626538219
-535.6290994137422,-981.3386101959015
-539.470677444067,-981.5148435851796
-542.8336562807272,-980.8020297740505
-546.6839011004835,-980.9514321706029
-550.5396917480392,-981.0866668189788
-554.8929045134527,-982.0783392991744
-558.267710216051,-981.3145080605541
-561.6428085088176,-980.5393187681603
-564.5185877969731,-978.8864919037912
-567.3895031165988,-977.2252308209704
-569.4415485286011,-974.8729777819001
-549.1635375587337,-934.5990632436869
-526.1369877491226,-890.1325014413752
-518.7271763281138,-872.4374570928634
-515.8489641211404,-862.5107803472062
-512.4074095765558,-851.7479947795849
-508.91367266537287,-841.008842863285
-503.28814967843874,-826.8766766533287
-501.77004997194774,-819.602230933487
-498.1203649878182,-808.9351655011684
-497.0515877252571,-802.5432817859738
-497.0105705733637,-797.859945565849
-498.45186758796143,-794.6003622564449
-499.6641314986337,-791.4744188498553
-500.32630529651516,-787.5040242616785
-501.5084857901247,-784.3788871970587
-502.6768517601961,-781.2534689231516
-504.3749188371825,-778.9672273260189
-506.06400474796334,-776.6776828894039
-506.6474650121179,-772.7123308170997
-508.3137751024158,-770.4194351398014
-511.07732659443457,-769.7895597116693
-512.7304395206356,-767.4871310901414
-514.9324376544619,-766.0114781458785
-516.93608407927,-764.6607646380124
-518.5675103056981,-762.3462056410787
-520.189910479132,-760.0285896173332
-522.3704579945837,-758.5315449040527
-525.1162376089375,-757.850207494485
-525.5748130107593,-753.8780510989197
-528.3119269535676,-753.1842456123258
-529.8961841518679,-750.8468778794313
-533.2082127996593,-750.9527294064475
-536.5252102363,-751.0457368102784
-538.6798929286949,-749.5018165116945
-542.5879772375553,-750.3827603012066
-545.5311837936994,-749.482973461469
-548.8748547281916,-749.5181077513114
-553.4095692146877,-751.1503502639226
-559.1492140309102,-754.3693766641215
-563.1186636830605,-755.156520604705
-567.0973072093768,-755.9270098070803
-572.2899023115316,-758.2771707708584
-579.3149130819203,-762.9929432707011
-583.943850539694,-764.4956372778563
-586.7583696665743,-763.5991197128398
-592.018934642389,-765.8574155969836
-596.0696658311565,-766.5128527793473
-600.4040247755696,-768.2057061967824
-606.946388105484,-771.971555153237
-613.5154715554618,-775.7059791970662
-620.7337496110553,-780.1913945268814
-626.7332900545426,-783.0800617672554
-630.8733268578133,-783.6037553887518
-633.1335266925331,-781.7787010259844
-635.3884468527257,-779.9471274426755
-648.4132645238603,-791.2580100002212
-0.0,-0.0
-0.0,-0.0
-0.0,-0.0
-0.0,-0.0
-0.0,-0.0
-36.89804703527355,-43.445760725101145
-35.724287493549355,-41.81836059768763
-37.14834921513717,-43.23193438408947
-37.273036158398206,-43.124480003064846
-37.39741228333859,-43.01666600876916
-38.17974807126087,-43.66127388447401
-38.966113122791285,-44.30171585956725
-40.41909804849032,-45.68694028873597
-40.55086073038441,-45.57003065639706
-41.34920796949855,-46.19786791936569
-41.4619671058429,-46.09669493265218
-41.59490869724806,-45.9767720753382
-41.72750343041462,-45.85646581960646
-41.8597501996405,-45.73577716868597
-41.99164790212531,-45.614707128994425
-42.12319543797955,-45.4932567101299
-40.8913468163552,-43.9078325079314
-40.33433712687091,-43.05974046061962
-39.77277602034969,-42.21523762381419
-39.89451608293839,-42.10020886537465
-39.325993751848046,-41.260952672346384
-38.75296277469121,-40.425337057140254
